1603885394.4204576,3,-27,136,209,213,29.10798122065728,-2.8670143121816682
1603885394.623002,3,-29,135,208,212,29.24528301886793,-3.078991167182793
1603885394.8220544,3,-30,135,207,213,29.10798122065728,-3.1849483278557194
1603885395.014311,3,-28,137,208,212,29.24528301886793,-2.9730129222649775
1603885395.210089,3,-29,136,208,212,29.24528301886793,-3.078991167182793
1603885395.4081492,3,-29,136,208,212,29.24528301886793,-3.078991167182793
1603885395.6233492,3,-29,136,207,212,29.24528301886793,-3.078991167182793
1603885395.8430765,3,-29,136,208,212,29.24528301886793,-3.078991167182793
1603885396.0431378,3,-29,136,208,212,29.24528301886793,-3.078991167182793
1603885396.2368002,3,-29,136,208,212,29.24528301886793,-3.078991167182793
1603885396.4350924,3,-29,136,207,212,29.24528301886793,-3.078991167182793
1603885396.6344707,3,-29,136,208,212,29.24528301886793,-3.078991167182793
1603885396.8276546,3,-29,136,208,212,29.24528301886793,-3.078991167182793
1603885397.0264332,3,-29,136,208,212,29.24528301886793,-3.078991167182793
1603885397.227493,3,-29,136,208,212,29.24528301886793,-3.078991167182793
1603885397.419627,3,-29,136,208,212,29.24528301886793,-3.078991167182793
1603885397.6176546,3,-29,136,207,212,29.24528301886793,-3.078991167182793
1603885397.820716,3,-29,136,207,211,29.383886255924175,-3.078991167182793
1603885398.0120404,3,-28,136,209,213,29.10798122065728,-2.9730129222649775
1603885398.2038198,3,-28,137,210,212,29.24528301886793,-2.9730129222649775
1603885398.4008713,3,-20,116,209,214,28.971962616822434,-2.124514387441452
1603885398.5770776,3,-28,131,217,221,28.05429864253394,-2.9730129222649775
1603885398.7638876,3,-27,133,216,220,28.181818181818187,-2.8670143121816682
1603885398.9523225,3,-26,133,214,217,28.571428571428577,-2.7609960568462575
1603885399.142082,3,-31,135,218,218,28.44036697247707,-3.2908836860672923
1603885399.327664,3,5,136,211,216,28.70370370370371,0.5313569149387267
1603885411.101015,3,-28,137,214,216,28.70370370370371,-2.9730129222649775
1603885411.2889805,3,-28,136,213,216,28.70370370370371,-2.9730129222649775
1603885411.4789147,3,-28,135,213,215,28.837209302325586,-2.9730129222649775
1603885411.668487,3,-27,135,212,217,28.571428571428577,-2.8670143121816682
1603885411.858401,3,-26,135,212,216,28.70370370370371,-2.7609960568462575
1603885412.0512824,3,-23,135,211,216,28.70370370370371,-2.4428306303611227
1603885412.2431383,3,-21,136,210,214,28.971962616822434,-2.2306353530719227
1603885412.4472783,3,-20,136,210,214,28.971962616822434,-2.124514387441452
1603885412.661911,3,-20,136,210,214,28.971962616822434,-2.124514387441452
1603885412.8548274,3,-20,136,210,214,28.971962616822434,-2.124514387441452
1603885413.045963,3,-20,136,210,214,28.971962616822434,-2.124514387441452
1603885413.2478778,3,-20,136,210,214,28.971962616822434,-2.124514387441452
1603885413.4473834,3,-20,136,210,214,28.971962616822434,-2.124514387441452
1603885413.6423616,3,-20,136,210,214,28.971962616822434,-2.124514387441452
1603885413.8510773,3,-20,136,210,214,28.971962616822434,-2.124514387441452
1603885414.0450644,3,-20,136,210,214,28.971962616822434,-2.124514387441452
1603885414.2418997,3,-20,136,210,214,28.971962616822434,-2.124514387441452
1603885414.443313,3,-20,136,210,214,28.971962616822434,-2.124514387441452
1603885414.6424937,3,-20,136,210,214,28.971962616822434,-2.124514387441452
1603885414.842699,3,-20,136,210,214,28.971962616822434,-2.124514387441452
1603885415.0423834,3,-20,136,210,214,28.971962616822434,-2.124514387441452
1603885415.2425964,3,-20,136,210,214,28.971962616822434,-2.124514387441452
1603885415.4349012,3,-20,136,210,214,28.971962616822434,-2.124514387441452
1603885415.6326668,3,-20,135,210,215,28.837209302325586,-2.124514387441452
1603885415.820321,3,-20,136,210,214,28.971962616822434,-2.124514387441452
1603885416.0084085,3,-20,135,210,215,28.837209302325586,-2.124514387441452
1603885416.1960764,3,-20,136,210,215,28.837209302325586,-2.124514387441452
1603885416.3836179,3,-20,136,210,214,28.971962616822434,-2.124514387441452
1603885416.5712116,3,-20,136,210,214,28.971962616822434,-2.124514387441452
1603885416.759515,3,-20,136,210,214,28.971962616822434,-2.124514387441452
1603885416.9465985,3,-20,136,210,214,28.971962616822434,-2.124514387441452
1603885417.1332824,3,-20,136,210,214,28.971962616822434,-2.124514387441452
1603885417.3206801,3,-20,136,210,214,28.971962616822434,-2.124514387441452
1603885417.5083206,3,-20,136,210,214,28.971962616822434,-2.124514387441452
1603885417.6956947,3,-20,136,210,214,28.971962616822434,-2.124514387441452
1603885417.8829587,3,-20,136,210,214,28.971962616822434,-2.124514387441452
1603885418.070391,3,-20,136,210,214,28.971962616822434,-2.124514387441452
1603885418.257676,3,-20,136,210,215,28.837209302325586,-2.124514387441452
1603885418.444788,3,-20,136,210,214,28.971962616822434,-2.124514387441452
1603885418.6319594,3,-20,136,210,215,28.837209302325586,-2.124514387441452
1603885418.8198311,3,-20,136,210,214,28.971962616822434,-2.124514387441452
1603885419.0071614,3,-20,136,210,214,28.971962616822434,-2.124514387441452
1603885419.1948285,3,-20,136,210,215,28.837209302325586,-2.124514387441452
1603885419.3825748,3,-20,136,210,215,28.837209302325586,-2.124514387441452
1603885419.5694387,3,-20,136,210,215,28.837209302325586,-2.124514387441452
1603885419.7574987,3,-20,136,210,214,28.971962616822434,-2.124514387441452
1603885419.9444666,3,-20,136,210,214,28.971962616822434,-2.124514387441452
1603885420.132195,3,-20,136,210,214,28.971962616822434,-2.124514387441452
1603885420.3195884,3,-20,136,210,214,28.971962616822434,-2.124514387441452
1603885420.5068667,3,-20,136,210,214,28.971962616822434,-2.124514387441452
1603885420.6943836,3,-20,136,210,214,28.971962616822434,-2.124514387441452
1603885420.8812883,3,-20,136,210,215,28.837209302325586,-2.124514387441452
1603885421.068596,3,-20,136,210,214,28.971962616822434,-2.124514387441452
1603885421.25598,3,-20,136,210,214,28.971962616822434,-2.124514387441452
1603885421.4435215,3,-20,136,210,214,28.971962616822434,-2.124514387441452
1603885421.6323948,3,-20,136,210,214,28.971962616822434,-2.124514387441452
1603885421.8196473,3,-20,136,210,214,28.971962616822434,-2.124514387441452
1603885422.0067666,3,-20,136,210,214,28.971962616822434,-2.124514387441452
1603885422.1947527,3,-20,136,210,214,28.971962616822434,-2.124514387441452
1603885422.3820305,3,-20,136,210,214,28.971962616822434,-2.124514387441452
1603885422.569391,3,-20,136,210,214,28.971962616822434,-2.124514387441452
1603885422.7567637,3,-20,136,210,215,28.837209302325586,-2.124514387441452
1603885422.9435594,3,-20,136,210,214,28.971962616822434,-2.124514387441452
1603885423.1311312,3,-20,136,210,214,28.971962616822434,-2.124514387441452
1603885423.3184373,3,-20,136,210,215,28.837209302325586,-2.124514387441452
1603885423.5056086,3,-20,136,210,214,28.971962616822434,-2.124514387441452
1603885423.6933224,3,-20,136,210,214,28.971962616822434,-2.124514387441452
1603885423.881943,3,-20,136,210,215,28.837209302325586,-2.124514387441452
1603885424.0692904,3,-20,136,210,214,28.971962616822434,-2.124514387441452
1603885424.256575,3,-20,136,210,215,28.837209302325586,-2.124514387441452
1603885424.4434502,3,-20,136,210,215,28.837209302325586,-2.124514387441452
1603885424.6322494,3,-20,136,210,214,28.971962616822434,-2.124514387441452
1603885424.8190753,3,-20,136,210,214,28.971962616822434,-2.124514387441452
1603885425.0065136,3,-20,136,210,214,28.971962616822434,-2.124514387441452
1603885425.1935418,3,-20,136,210,214,28.971962616822434,-2.124514387441452
1603885425.3817427,3,-20,136,210,214,28.971962616822434,-2.124514387441452
1603885425.5691426,3,-20,136,210,214,28.971962616822434,-2.124514387441452
1603885425.7564898,3,-20,136,210,214,28.971962616822434,-2.124514387441452
1603885425.9432013,3,-20,136,210,214,28.971962616822434,-2.124514387441452
1603885426.1309762,3,-20,136,210,214,28.971962616822434,-2.124514387441452
1603885426.3191724,3,-20,136,210,214,28.971962616822434,-2.124514387441452
1603885426.5066621,3,-20,136,210,214,28.971962616822434,-2.124514387441452
1603885426.6939876,3,-20,136,210,215,28.837209302325586,-2.124514387441452
1603885426.881537,3,-20,136,210,214,28.971962616822434,-2.124514387441452
1603885427.0695503,3,-20,136,210,214,28.971962616822434,-2.124514387441452
1603885427.2565174,3,-20,136,210,214,28.971962616822434,-2.124514387441452
1603885427.4441676,3,-20,136,210,214,28.971962616822434,-2.124514387441452
1603885427.6329858,3,-20,136,210,214,28.971962616822434,-2.124514387441452
1603885427.834233,3,-20,136,210,214,28.971962616822434,-2.124514387441452
1603885428.0247476,3,-20,136,210,214,28.971962616822434,-2.124514387441452
1603885428.2154574,3,-20,136,210,214,28.971962616822434,-2.124514387441452
1603885428.4117675,3,-20,136,210,214,28.971962616822434,-2.124514387441452
1603885428.6006265,3,-20,136,210,214,28.971962616822434,-2.124514387441452
1603885428.7876558,3,-20,136,210,214,28.971962616822434,-2.124514387441452
1603885428.9744468,3,-20,136,210,214,28.971962616822434,-2.124514387441452
1603885429.1627154,3,-20,136,210,214,28.971962616822434,-2.124514387441452
1603885429.349129,3,-20,136,210,214,28.971962616822434,-2.124514387441452
1603885429.5366812,3,-20,136,210,214,28.971962616822434,-2.124514387441452
1603885429.724339,3,-20,136,210,214,28.971962616822434,-2.124514387441452
1603885429.9117198,3,-20,136,210,214,28.971962616822434,-2.124514387441452
1603885430.101081,3,-20,136,210,214,28.971962616822434,-2.124514387441452
1603885430.287586,3,-20,136,210,214,28.971962616822434,-2.124514387441452
1603885430.4741206,3,-20,135,210,215,28.837209302325586,-2.124514387441452
1603885430.6615825,3,-20,136,210,214,28.971962616822434,-2.124514387441452
1603885430.849089,3,-20,136,210,215,28.837209302325586,-2.124514387441452
1603885431.0376384,3,-20,136,210,214,28.971962616822434,-2.124514387441452
1603885431.2254925,3,-20,136,210,214,28.971962616822434,-2.124514387441452
1603885431.41235,3,-20,136,210,214,28.971962616822434,-2.124514387441452
1603885431.5995572,3,-20,136,210,214,28.971962616822434,-2.124514387441452
1603885431.786476,3,-20,136,210,214,28.971962616822434,-2.124514387441452
1603885431.974936,3,-20,136,210,214,28.971962616822434,-2.124514387441452
1603885432.1614115,3,-20,136,210,214,28.971962616822434,-2.124514387441452
1603885432.349022,3,-20,136,210,214,28.971962616822434,-2.124514387441452
1603885432.536551,3,-20,136,210,215,28.837209302325586,-2.124514387441452
1603885432.7239778,3,-20,136,210,214,28.971962616822434,-2.124514387441452
1603885432.9123843,3,-20,136,210,214,28.971962616822434,-2.124514387441452
1603885433.0987933,3,-20,136,210,214,28.971962616822434,-2.124514387441452
1603885433.286275,3,-20,136,210,214,28.971962616822434,-2.124514387441452
1603885433.4738052,3,-20,136,210,214,28.971962616822434,-2.124514387441452
1603885433.6624904,3,-20,136,210,214,28.971962616822434,-2.124514387441452
1603885433.8498151,3,-20,136,210,214,28.971962616822434,-2.124514387441452
1603885434.0362642,3,-20,136,210,214,28.971962616822434,-2.124514387441452
1603885434.2238796,3,-20,136,210,214,28.971962616822434,-2.124514387441452
1603885434.41146,3,-20,136,210,214,28.971962616822434,-2.124514387441452
1603885434.5987577,3,-20,136,210,214,28.971962616822434,-2.124514387441452
1603885434.78837,3,-20,136,210,214,28.971962616822434,-2.124514387441452
1603885434.9744036,3,-20,136,210,214,28.971962616822434,-2.124514387441452
1603885435.1614013,3,-20,136,210,215,28.837209302325586,-2.124514387441452
1603885435.3490982,3,-20,136,210,214,28.971962616822434,-2.124514387441452
1603885435.536942,3,-20,136,210,214,28.971962616822434,-2.124514387441452
1603885435.7249422,3,-20,136,210,214,28.971962616822434,-2.124514387441452
1603885435.9112144,3,-20,135,210,215,28.837209302325586,-2.124514387441452
1603885436.0988343,3,-20,136,210,214,28.971962616822434,-2.124514387441452
1603885436.286021,3,-20,136,210,214,28.971962616822434,-2.124514387441452
1603885436.4735818,3,-20,136,210,215,28.837209302325586,-2.124514387441452
1603885436.6620767,3,-20,136,210,215,28.837209302325586,-2.124514387441452
1603885436.8485584,3,-20,136,210,214,28.971962616822434,-2.124514387441452
1603885437.0361204,3,-20,136,210,214,28.971962616822434,-2.124514387441452
1603885437.2250552,3,-20,136,210,214,28.971962616822434,-2.124514387441452
1603885437.4119341,3,-20,136,210,214,28.971962616822434,-2.124514387441452
1603885437.6003788,3,-20,136,210,214,28.971962616822434,-2.124514387441452
1603885437.786705,3,-20,136,210,214,28.971962616822434,-2.124514387441452
1603885437.9736621,3,-20,136,210,214,28.971962616822434,-2.124514387441452
1603885438.1618567,3,-20,136,210,214,28.971962616822434,-2.124514387441452
1603885438.3493185,3,-20,136,210,214,28.971962616822434,-2.124514387441452
1603885438.5377908,3,-20,136,210,214,28.971962616822434,-2.124514387441452
1603885438.7235367,3,-20,136,210,214,28.971962616822434,-2.124514387441452
1603885438.9117668,3,-20,136,210,214,28.971962616822434,-2.124514387441452
1603885439.098395,3,-20,136,210,214,28.971962616822434,-2.124514387441452
1603885439.2857554,3,-20,136,210,214,28.971962616822434,-2.124514387441452
1603885439.4750361,3,-20,136,210,215,28.837209302325586,-2.124514387441452
1603885439.6622088,3,-20,136,210,214,28.971962616822434,-2.124514387441452
1603885439.8493695,3,-20,136,210,214,28.971962616822434,-2.124514387441452
1603885440.0356967,3,-20,136,210,214,28.971962616822434,-2.124514387441452
1603885440.2233922,3,-20,136,210,214,28.971962616822434,-2.124514387441452
1603885440.4119012,3,-20,136,210,214,28.971962616822434,-2.124514387441452
1603885440.5983574,3,-20,136,210,214,28.971962616822434,-2.124514387441452
1603885440.786563,3,-20,136,210,214,28.971962616822434,-2.124514387441452
1603885440.9732797,3,-20,136,210,214,28.971962616822434,-2.124514387441452
1603885441.1608036,3,-20,136,210,214,28.971962616822434,-2.124514387441452
1603885441.3492935,3,-20,136,210,214,28.971962616822434,-2.124514387441452
1603885441.5357313,3,-20,136,210,214,28.971962616822434,-2.124514387441452
1603885441.7232678,3,-20,136,210,214,28.971962616822434,-2.124514387441452
1603885441.910753,3,-20,136,210,214,28.971962616822434,-2.124514387441452
1603885442.0994623,3,-20,136,210,214,28.971962616822434,-2.124514387441452
1603885442.2866333,3,-20,136,210,214,28.971962616822434,-2.124514387441452
1603885442.473878,3,-20,136,210,214,28.971962616822434,-2.124514387441452
1603885442.6614637,3,-20,136,210,214,28.971962616822434,-2.124514387441452
1603885442.8481092,3,-20,136,210,214,28.971962616822434,-2.124514387441452
1603885443.035619,3,-20,136,210,215,28.837209302325586,-2.124514387441452
1603885443.2250893,3,-20,136,210,214,28.971962616822434,-2.124514387441452
1603885443.4107037,3,-20,136,210,214,28.971962616822434,-2.124514387441452
1603885443.599076,3,-20,136,210,215,28.837209302325586,-2.124514387441452
1603885443.7860563,3,-20,136,210,214,28.971962616822434,-2.124514387441452
1603885443.973188,3,-20,136,210,214,28.971962616822434,-2.124514387441452
1603885444.1617448,3,-20,136,210,214,28.971962616822434,-2.124514387441452
1603885444.347989,3,-20,136,210,214,28.971962616822434,-2.124514387441452
1603885444.5379171,3,-20,136,210,214,28.971962616822434,-2.124514387441452
1603885444.7236598,3,-20,136,210,214,28.971962616822434,-2.124514387441452
1603885444.9106443,3,-20,136,210,214,28.971962616822434,-2.124514387441452
1603885445.0990086,3,-20,136,210,215,28.837209302325586,-2.124514387441452
1603885445.285494,3,-20,137,210,214,28.971962616822434,-2.124514387441452
1603885447.048553,3,-22,140,204,208,29.807692307692314,-2.3367410088134952
1603885447.2385397,3,-23,135,202,209,29.665071770334933,-2.4428306303611227
1603885447.449962,3,-24,133,202,208,29.807692307692314,-2.548903494068427
1603885447.6453443,3,-24,132,202,208,29.807692307692314,-2.548903494068427
1603885447.8486216,3,-24,131,201,207,29.951690821256044,-2.548903494068427
1603885448.0389943,3,-24,133,202,209,29.665071770334933,-2.548903494068427
1603885448.2429962,3,-24,133,203,209,29.665071770334933,-2.548903494068427
1603885448.449454,3,-24,133,201,209,29.665071770334933,-2.548903494068427
1603885448.6499515,3,-24,134,201,208,29.807692307692314,-2.548903494068427
1603885448.8485348,3,-24,133,201,209,29.665071770334933,-2.548903494068427
1603885449.0416715,3,-24,134,201,208,29.807692307692314,-2.548903494068427
1603885449.2385263,3,-24,133,202,209,29.665071770334933,-2.548903494068427
1603885449.4410439,3,-24,133,201,209,29.665071770334933,-2.548903494068427
1603885449.6470807,3,-24,133,202,209,29.665071770334933,-2.548903494068427
1603885449.8478236,3,-24,133,202,209,29.665071770334933,-2.548903494068427
1603885450.0708234,3,-24,134,201,208,29.807692307692314,-2.548903494068427
1603885450.2825003,3,-24,134,201,209,29.665071770334933,-2.548903494068427
1603885450.4826183,3,-24,134,202,208,29.807692307692314,-2.548903494068427
1603885450.6831632,3,-23,134,202,209,29.665071770334933,-2.4428306303611227
1603885450.886679,3,-24,133,202,209,29.665071770334933,-2.548903494068427
1603885451.085055,3,-24,134,201,208,29.807692307692314,-2.548903494068427
1603885451.2876267,3,-24,134,201,208,29.807692307692314,-2.548903494068427
1603885451.4800391,3,-24,134,201,208,29.807692307692314,-2.548903494068427
1603885451.6771784,3,-24,134,201,208,29.807692307692314,-2.548903494068427
1603885451.8801577,3,-24,134,201,208,29.807692307692314,-2.548903494068427
1603885452.073043,3,-24,133,201,209,29.665071770334933,-2.548903494068427
1603885452.2727764,3,-24,134,202,208,29.807692307692314,-2.548903494068427
1603885452.47224,3,-24,133,201,209,29.665071770334933,-2.548903494068427
1603885452.6678448,3,-24,133,202,209,29.665071770334933,-2.548903494068427
1603885452.8650665,3,-24,134,201,208,29.807692307692314,-2.548903494068427
1603885453.0667372,3,-24,134,201,208,29.807692307692314,-2.548903494068427
1603885453.259312,3,-24,134,201,209,29.665071770334933,-2.548903494068427
1603885453.4626465,3,-23,134,202,209,29.665071770334933,-2.4428306303611227
1603885453.6604881,3,-24,134,201,208,29.807692307692314,-2.548903494068427
1603885453.8507614,3,-24,134,202,208,29.807692307692314,-2.548903494068427
1603885454.066011,3,-24,134,201,209,29.665071770334933,-2.548903494068427
1603885454.2664077,3,-24,134,201,208,29.807692307692314,-2.548903494068427
1603885454.4586859,3,-24,134,201,208,29.807692307692314,-2.548903494068427
1603885454.649421,3,-24,134,201,208,29.807692307692314,-2.548903494068427
1603885454.847352,3,-24,134,201,209,29.665071770334933,-2.548903494068427
1603885455.034654,3,-24,133,202,209,29.665071770334933,-2.548903494068427
1603885455.2221835,3,-24,133,202,209,29.665071770334933,-2.548903494068427
1603885455.410549,3,-24,134,201,208,29.807692307692314,-2.548903494068427
1603885455.5970938,3,-24,133,202,209,29.665071770334933,-2.548903494068427
1603885455.7846017,3,-24,134,202,208,29.807692307692314,-2.548903494068427
1603885455.9721284,3,-24,133,202,209,29.665071770334933,-2.548903494068427
1603885456.1596284,3,-24,134,202,209,29.665071770334933,-2.548903494068427
1603885456.3479333,3,-23,134,202,209,29.665071770334933,-2.4428306303611227
1603885456.534372,3,-24,134,201,208,29.807692307692314,-2.548903494068427
1603885456.7221382,3,-24,134,201,208,29.807692307692314,-2.548903494068427
1603885456.9095051,3,-24,134,201,208,29.807692307692314,-2.548903494068427
1603885457.0967271,3,-24,134,201,209,29.665071770334933,-2.548903494068427
1603885457.2853885,3,-23,134,202,208,29.807692307692314,-2.4428306303611227
1603885457.4718966,3,-24,134,201,208,29.807692307692314,-2.548903494068427
1603885457.6594634,3,-24,134,201,208,29.807692307692314,-2.548903494068427
1603885457.846912,3,-24,134,201,208,29.807692307692314,-2.548903494068427
1603885458.0354815,3,-24,134,201,208,29.807692307692314,-2.548903494068427
1603885458.22393,3,-24,134,201,208,29.807692307692314,-2.548903494068427
1603885458.4104931,3,-24,134,201,208,29.807692307692314,-2.548903494068427
1603885458.5969563,3,-24,133,202,209,29.665071770334933,-2.548903494068427
1603885458.784147,3,-24,133,202,209,29.665071770334933,-2.548903494068427
1603885458.9720082,3,-24,134,201,208,29.807692307692314,-2.548903494068427
1603885459.1603599,3,-24,133,202,209,29.665071770334933,-2.548903494068427
1603885459.3467286,3,-24,134,201,208,29.807692307692314,-2.548903494068427
1603885459.5341868,3,-24,134,203,210,29.52380952380953,-2.548903494068427
1603885459.7217984,3,-24,133,202,209,29.665071770334933,-2.548903494068427
1603885459.909358,3,-24,134,201,208,29.807692307692314,-2.548903494068427
1603885460.0978045,3,-24,134,201,208,29.807692307692314,-2.548903494068427
1603885460.2849226,3,-24,134,201,208,29.807692307692314,-2.548903494068427
1603885460.471603,3,-24,134,201,209,29.665071770334933,-2.548903494068427
1603885460.6592505,3,-24,133,202,209,29.665071770334933,-2.548903494068427
1603885460.8467789,3,-24,134,201,208,29.807692307692314,-2.548903494068427
1603885461.0351915,3,-24,134,202,209,29.665071770334933,-2.548903494068427
1603885461.221617,3,-23,134,202,209,29.665071770334933,-2.4428306303611227
1603885461.409159,3,-23,133,202,209,29.665071770334933,-2.4428306303611227
1603885461.596511,3,-24,132,201,209,29.665071770334933,-2.548903494068427
1603885461.7852058,3,-34,137,200,206,30.097087378640783,-3.6085517773185476
1603885461.9606142,3,-13,132,191,200,31.000000000000004,-1.3812999174368017
1603885462.145565,3,-10,127,187,194,31.958762886597942,-1.0626224461126088
1603885462.3355482,3,-16,123,183,189,32.80423280423281,-1.6998919335324794
1603885462.5228415,3,-10,124,181,188,32.97872340425533,-1.0626224461126088
1603885462.70862,3,-14,120,179,185,33.513513513513516,-1.4875077226255586
1603885462.8926792,3,-22,120,177,183,33.879781420765035,-2.3367410088134952
1603885463.0831106,3,-21,121,176,182,34.06593406593407,-2.2306353530719227
1603885463.2688775,3,-17,121,175,181,34.25414364640884,-1.806066883527694
1603885463.4556806,3,-24,121,173,178,34.831460674157306,-2.548903494068427
1603885463.6461308,3,-23,122,174,179,34.63687150837989,-2.4428306303611227
1603885463.837849,3,-21,122,174,178,34.831460674157306,-2.2306353530719227
1603885464.0339427,3,-27,119,173,177,35.02824858757063,-2.8670143121816682
1603885464.2328095,3,-26,120,172,178,34.831460674157306,-2.7609960568462575
1603885464.4303255,3,-26,122,173,178,34.831460674157306,-2.7609960568462575
1603885464.6300733,3,-26,122,173,178,34.831460674157306,-2.7609960568462575
1603885464.8239057,3,-26,122,173,178,34.831460674157306,-2.7609960568462575
1603885465.0221965,3,-26,122,173,178,34.831460674157306,-2.7609960568462575
1603885465.2226686,3,-26,122,173,178,34.831460674157306,-2.7609960568462575
1603885465.4166992,3,-26,122,173,178,34.831460674157306,-2.7609960568462575
1603885465.616185,3,-26,122,173,178,34.831460674157306,-2.7609960568462575
1603885465.8160796,3,-26,122,173,178,34.831460674157306,-2.7609960568462575
1603885466.010752,3,-26,122,173,178,34.831460674157306,-2.7609960568462575
1603885466.2113588,3,-26,122,173,178,34.831460674157306,-2.7609960568462575
1603885466.418784,3,-26,122,173,178,34.831460674157306,-2.7609960568462575
1603885466.6079125,3,-26,122,173,178,34.831460674157306,-2.7609960568462575
1603885466.7973936,3,-26,122,173,178,34.831460674157306,-2.7609960568462575
1603885466.988113,3,-26,122,173,178,34.831460674157306,-2.7609960568462575
1603885467.1807518,3,-26,122,173,178,34.831460674157306,-2.7609960568462575
1603885467.36844,3,-26,122,173,179,34.63687150837989,-2.7609960568462575
1603885467.5608368,3,-26,122,173,178,34.831460674157306,-2.7609960568462575
1603885467.7447224,3,-26,122,173,178,34.831460674157306,-2.7609960568462575
1603885467.9373407,3,-26,122,173,178,34.831460674157306,-2.7609960568462575
1603885468.1503274,3,-26,122,173,178,34.831460674157306,-2.7609960568462575
1603885468.3531723,3,-26,122,173,178,34.831460674157306,-2.7609960568462575
1603885468.5459092,3,-26,122,173,178,34.831460674157306,-2.7609960568462575
1603885468.7319922,3,-26,122,173,178,34.831460674157306,-2.7609960568462575
1603885468.9309769,3,-26,122,173,178,34.831460674157306,-2.7609960568462575
1603885469.1316774,3,-26,122,173,179,34.63687150837989,-2.7609960568462575
1603885469.3269176,3,-26,122,173,178,34.831460674157306,-2.7609960568462575
1603885469.5345867,3,-26,122,173,178,34.831460674157306,-2.7609960568462575
1603885469.7349954,3,-26,122,173,178,34.831460674157306,-2.7609960568462575
1603885469.9406106,3,-26,122,173,178,34.831460674157306,-2.7609960568462575
1603885470.1464763,3,-26,122,173,178,34.831460674157306,-2.7609960568462575
1603885470.343609,3,-26,122,173,178,34.831460674157306,-2.7609960568462575
1603885470.535067,3,-26,122,173,178,34.831460674157306,-2.7609960568462575
1603885470.7234225,3,-26,122,173,178,34.831460674157306,-2.7609960568462575
1603885470.911247,3,-26,122,173,178,34.831460674157306,-2.7609960568462575
1603885471.0984495,3,-26,122,173,178,34.831460674157306,-2.7609960568462575
1603885471.2856874,3,-26,122,173,178,34.831460674157306,-2.7609960568462575
1603885471.47287,3,-26,122,173,179,34.63687150837989,-2.7609960568462575
1603885471.660562,3,-26,122,173,178,34.831460674157306,-2.7609960568462575
1603885471.8480623,3,-26,122,173,179,34.63687150837989,-2.7609960568462575
1603885472.0360017,3,-26,122,173,178,34.831460674157306,-2.7609960568462575
1603885472.2236,3,-26,122,173,178,34.831460674157306,-2.7609960568462575
1603885472.411576,3,-26,122,173,178,34.831460674157306,-2.7609960568462575
1603885472.5994644,3,-26,122,173,178,34.831460674157306,-2.7609960568462575
1603885472.786646,3,-26,122,173,178,34.831460674157306,-2.7609960568462575
1603885472.9738586,3,-26,122,173,178,34.831460674157306,-2.7609960568462575
1603885473.1612072,3,-26,122,173,178,34.831460674157306,-2.7609960568462575
1603885473.3490305,3,-26,122,174,178,34.831460674157306,-2.7609960568462575
1603885473.5369713,3,-26,122,173,178,34.831460674157306,-2.7609960568462575
1603885473.7243958,3,-26,122,174,178,34.831460674157306,-2.7609960568462575
1603885473.9118872,3,-26,122,173,179,34.63687150837989,-2.7609960568462575
1603885474.0992627,3,-26,122,173,178,34.831460674157306,-2.7609960568462575
1603885474.28678,3,-26,122,173,178,34.831460674157306,-2.7609960568462575
1603885474.4749074,3,-26,122,173,178,34.831460674157306,-2.7609960568462575
1603885474.6619985,3,-26,122,173,178,34.831460674157306,-2.7609960568462575
1603885474.8493426,3,-26,122,173,178,34.831460674157306,-2.7609960568462575
1603885475.036651,3,-26,122,173,178,34.831460674157306,-2.7609960568462575
1603885475.2241135,3,-26,122,173,179,34.63687150837989,-2.7609960568462575
1603885475.4118726,3,-26,122,174,179,34.63687150837989,-2.7609960568462575
1603885475.5989652,3,-26,122,173,179,34.63687150837989,-2.7609960568462575
1603885475.7865975,3,-26,122,173,178,34.831460674157306,-2.7609960568462575
1603885475.9737659,3,-26,122,173,178,34.831460674157306,-2.7609960568462575
1603885476.1611385,3,-25,121,173,178,34.831460674157306,-2.6549588769771035
1603885476.348247,3,-22,118,172,177,35.02824858757063,-2.3367410088134952
1603885476.5346296,3,-22,116,169,174,35.63218390804598,-2.3367410088134952
1603885476.7073193,3,-39,124,168,172,36.04651162790698,-4.13749578470897
1603885476.891637,3,-29,125,161,168,36.90476190476191,-3.078991167182793
1603885477.0798428,3,-23,118,157,162,38.27160493827161,-2.4428306303611227
1603885477.2701242,3,-34,113,157,160,38.75000000000001,-3.6085517773185476
1603885477.4587178,3,-45,113,158,160,38.75000000000001,-4.771289540584061
1603885477.6584747,3,-35,111,156,159,38.99371069182391,-3.714392761786679
1603885477.846887,3,-32,112,156,158,39.24050632911393,-3.3967965244928373
1603885478.036638,3,-35,113,155,158,39.24050632911393,-3.714392761786679
1603885478.2259066,3,-30,112,153,157,39.490445859872615,-3.1849483278557194
1603885478.4115925,3,-22,113,152,156,39.74358974358975,-2.3367410088134952
1603885478.5970025,3,-27,112,152,155,40.00000000000001,-2.8670143121816682
1603885478.7873566,3,-29,112,152,155,40.00000000000001,-3.078991167182793
1603885478.976634,3,-29,113,152,154,40.25974025974027,-3.078991167182793
1603885479.1716938,3,-29,112,151,155,40.00000000000001,-3.078991167182793
1603885479.3790476,3,-29,112,151,155,40.00000000000001,-3.078991167182793
1603885479.5751739,3,-29,112,151,155,40.00000000000001,-3.078991167182793
1603885479.7753673,3,-29,112,152,155,40.00000000000001,-3.078991167182793
1603885479.9828403,3,-29,112,151,155,40.00000000000001,-3.078991167182793
1603885480.17962,3,-29,112,151,156,39.74358974358975,-3.078991167182793
1603885480.3771179,3,-29,112,152,155,40.00000000000001,-3.078991167182793
1603885480.6029215,3,-29,112,151,155,40.00000000000001,-3.078991167182793
1603885480.8163202,3,-29,112,151,155,40.00000000000001,-3.078991167182793
1603885481.0192327,3,-29,112,152,156,39.74358974358975,-3.078991167182793
1603885481.2147307,3,-29,112,152,156,39.74358974358975,-3.078991167182793
1603885481.414934,3,-29,112,152,155,40.00000000000001,-3.078991167182793
1603885481.6042428,3,-29,112,151,156,39.74358974358975,-3.078991167182793
1603885481.7991557,3,-29,112,151,156,39.74358974358975,-3.078991167182793
1603885481.9984999,3,-29,112,151,155,40.00000000000001,-3.078991167182793
1603885482.1895854,3,-29,112,151,155,40.00000000000001,-3.078991167182793
1603885482.3794804,3,-29,112,152,155,40.00000000000001,-3.078991167182793
1603885482.5697815,3,-29,112,151,155,40.00000000000001,-3.078991167182793
1603885482.7645478,3,-29,112,152,155,40.00000000000001,-3.078991167182793
1603885482.960023,3,-29,112,151,155,40.00000000000001,-3.078991167182793
1603885483.1582937,3,-29,112,151,156,39.74358974358975,-3.078991167182793
1603885483.3493543,3,-29,112,152,155,40.00000000000001,-3.078991167182793
1603885483.540034,3,-29,112,151,156,39.74358974358975,-3.078991167182793
1603885483.7342243,3,-29,112,151,156,39.74358974358975,-3.078991167182793
1603885483.92892,3,-29,112,152,156,39.74358974358975,-3.078991167182793
1603885484.1266289,3,-29,112,152,156,39.74358974358975,-3.078991167182793
1603885484.3172233,3,-29,112,151,155,40.00000000000001,-3.078991167182793
1603885484.5076666,3,-29,112,151,156,39.74358974358975,-3.078991167182793
1603885484.7025008,3,-29,112,151,155,40.00000000000001,-3.078991167182793
1603885484.8985727,3,-29,112,151,155,40.00000000000001,-3.078991167182793
1603885485.096553,3,-29,112,151,156,39.74358974358975,-3.078991167182793
1603885485.2865765,3,-29,112,151,156,39.74358974358975,-3.078991167182793
1603885485.4762363,3,-29,112,151,155,40.00000000000001,-3.078991167182793
1603885485.67155,3,-29,112,151,155,40.00000000000001,-3.078991167182793
1603885485.8658442,3,-29,112,151,155,40.00000000000001,-3.078991167182793
1603885486.063184,3,-29,112,152,155,40.00000000000001,-3.078991167182793
1603885486.2531533,3,-29,112,151,156,39.74358974358975,-3.078991167182793
1603885486.4436448,3,-29,112,151,156,39.74358974358975,-3.078991167182793
1603885486.6397023,3,-29,112,151,156,39.74358974358975,-3.078991167182793
1603885486.8352263,3,-29,112,151,155,40.00000000000001,-3.078991167182793
1603885487.0324798,3,-29,112,151,156,39.74358974358975,-3.078991167182793
1603885487.2228558,3,-29,112,151,155,40.00000000000001,-3.078991167182793
1603885487.4125597,3,-29,112,151,156,39.74358974358975,-3.078991167182793
1603885487.607221,3,-29,112,151,155,40.00000000000001,-3.078991167182793
1603885487.8027716,3,-29,112,151,156,39.74358974358975,-3.078991167182793
1603885488.0005195,3,-29,112,152,155,40.00000000000001,-3.078991167182793
1603885488.190558,3,-29,112,151,156,39.74358974358975,-3.078991167182793
1603885488.3799791,3,-29,112,152,155,40.00000000000001,-3.078991167182793
1603885488.5680795,3,-29,111,152,155,40.00000000000001,-3.078991167182793
1603885488.7610404,3,-25,111,150,154,40.25974025974027,-2.6549588769771035
1603885488.9480135,3,-27,120,150,156,39.74358974358975,-2.8670143121816682
1603885489.1285162,3,-30,125,150,153,40.52287581699347,-3.1849483278557194
1603885489.3130283,3,-18,100,142,146,42.46575342465754,-1.9122294268504203
1603885489.5007308,3,-29,106,142,146,42.46575342465754,-3.078991167182793
1603885489.6771216,3,-31,116,142,146,42.46575342465754,-3.2908836860672923
1603885489.8753092,3,-24,123,140,145,42.75862068965518,-2.548903494068427
1603885490.0627632,3,-23,123,139,143,43.35664335664336,-2.4428306303611227
1603885490.2566538,3,-21,122,138,143,43.35664335664336,-2.2306353530719227
1603885490.453311,3,-21,123,136,142,43.66197183098592,-2.2306353530719227
1603885490.6566222,3,-22,107,135,138,44.92753623188406,-2.3367410088134952
1603885490.8438363,3,-23,103,134,138,44.92753623188406,-2.4428306303611227
1603885491.034208,3,-28,102,134,137,45.25547445255475,-2.9730129222649775
1603885491.22305,3,-28,105,135,137,45.25547445255475,-2.9730129222649775
1603885491.413825,3,-28,105,135,137,45.25547445255475,-2.9730129222649775
1603885491.6101708,3,-28,105,135,137,45.25547445255475,-2.9730129222649775
1603885491.8108897,3,-28,105,135,137,45.25547445255475,-2.9730129222649775
1603885492.0041249,3,-28,105,135,137,45.25547445255475,-2.9730129222649775
1603885492.196689,3,-28,105,135,137,45.25547445255475,-2.9730129222649775
1603885492.4234765,3,-28,106,135,136,45.58823529411765,-2.9730129222649775
1603885492.6396964,3,-28,105,135,137,45.25547445255475,-2.9730129222649775
1603885492.8369675,3,-28,106,135,136,45.58823529411765,-2.9730129222649775
1603885493.037311,3,-28,105,135,137,45.25547445255475,-2.9730129222649775
1603885493.2532656,3,-28,105,135,137,45.25547445255475,-2.9730129222649775
1603885493.4478033,3,-28,106,135,136,45.58823529411765,-2.9730129222649775
1603885493.6666923,3,-28,106,135,136,45.58823529411765,-2.9730129222649775
1603885493.8819745,3,-28,105,135,137,45.25547445255475,-2.9730129222649775
1603885494.0850966,3,-28,105,135,137,45.25547445255475,-2.9730129222649775
1603885494.2879858,3,-28,105,135,137,45.25547445255475,-2.9730129222649775
1603885494.4883325,3,-28,106,135,136,45.58823529411765,-2.9730129222649775
1603885494.6928246,3,-28,105,135,137,45.25547445255475,-2.9730129222649775
1603885494.8934157,3,-28,105,135,137,45.25547445255475,-2.9730129222649775
1603885495.0971136,3,-28,105,135,137,45.25547445255475,-2.9730129222649775
1603885495.3041966,3,-28,105,135,137,45.25547445255475,-2.9730129222649775
1603885495.544288,3,-28,106,135,136,45.58823529411765,-2.9730129222649775
1603885495.7730422,3,-28,106,135,136,45.58823529411765,-2.9730129222649775
1603885495.9780333,3,-28,106,135,136,45.58823529411765,-2.9730129222649775
1603885496.1794138,3,-28,106,135,136,45.58823529411765,-2.9730129222649775
1603885496.3823917,3,-28,106,135,136,45.58823529411765,-2.9730129222649775
1603885496.5794322,3,-28,106,135,136,45.58823529411765,-2.9730129222649775
1603885496.7816741,3,-28,106,135,136,45.58823529411765,-2.9730129222649775
1603885496.9777424,3,-28,106,135,136,45.58823529411765,-2.9730129222649775
1603885497.1802528,3,-28,105,135,137,45.25547445255475,-2.9730129222649775
1603885497.3820152,3,-28,106,135,136,45.58823529411765,-2.9730129222649775
1603885497.5840673,3,-28,105,135,137,45.25547445255475,-2.9730129222649775
1603885497.7875912,3,-28,106,135,136,45.58823529411765,-2.9730129222649775
1603885497.9894593,3,-28,106,135,136,45.58823529411765,-2.9730129222649775
1603885498.1915696,3,-28,106,135,136,45.58823529411765,-2.9730129222649775
1603885498.3879592,3,-28,106,135,136,45.58823529411765,-2.9730129222649775
1603885498.593323,3,-28,106,135,136,45.58823529411765,-2.9730129222649775
1603885498.7897575,3,-28,105,135,137,45.25547445255475,-2.9730129222649775
1603885498.9914234,3,-28,105,135,137,45.25547445255475,-2.9730129222649775
1603885499.1950653,3,-28,105,135,137,45.25547445255475,-2.9730129222649775
1603885499.3972206,3,-28,106,135,136,45.58823529411765,-2.9730129222649775
1603885499.599281,3,-28,106,135,136,45.58823529411765,-2.9730129222649775
1603885499.7950087,3,-28,105,135,137,45.25547445255475,-2.9730129222649775
1603885499.9996269,3,-28,105,135,137,45.25547445255475,-2.9730129222649775
1603885500.1954255,3,-28,105,135,137,45.25547445255475,-2.9730129222649775
1603885500.3962295,3,-28,105,135,137,45.25547445255475,-2.9730129222649775
1603885500.5990412,3,-28,105,135,137,45.25547445255475,-2.9730129222649775
1603885500.8009095,3,-28,105,135,137,45.25547445255475,-2.9730129222649775
1603885501.0030413,3,-28,106,135,136,45.58823529411765,-2.9730129222649775
1603885501.2078664,3,-28,105,135,137,45.25547445255475,-2.9730129222649775
1603885501.4128163,3,-28,105,135,137,45.25547445255475,-2.9730129222649775
1603885501.6487303,3,-28,106,135,136,45.58823529411765,-2.9730129222649775
1603885501.875138,3,-28,106,135,136,45.58823529411765,-2.9730129222649775
1603885502.0770302,3,-28,105,135,137,45.25547445255475,-2.9730129222649775
1603885502.2839472,3,-28,105,135,137,45.25547445255475,-2.9730129222649775
1603885502.4822307,3,-28,105,135,137,45.25547445255475,-2.9730129222649775
1603885502.6940272,3,-28,105,135,137,45.25547445255475,-2.9730129222649775
1603885502.9226415,3,-28,105,135,137,45.25547445255475,-2.9730129222649775
1603885503.1310463,3,-28,105,135,137,45.25547445255475,-2.9730129222649775
1603885503.3466442,3,-28,106,135,136,45.58823529411765,-2.9730129222649775
1603885503.5441213,3,-28,106,135,136,45.58823529411765,-2.9730129222649775
1603885503.749657,3,-28,106,134,136,45.58823529411765,-2.9730129222649775
1603885503.951977,3,-28,104,134,137,45.25547445255475,-2.9730129222649775
1603885504.1567614,3,-28,104,134,137,45.25547445255475,-2.9730129222649775
1603885504.3497665,3,-28,103,135,137,45.25547445255475,-2.9730129222649775
1603885504.5461895,3,-25,99,134,136,45.58823529411765,-2.6549588769771035
1603885504.7383249,3,-23,110,132,136,45.58823529411765,-2.4428306303611227
1603885504.9365227,3,-22,120,128,133,46.61654135338347,-2.3367410088134952
1603885505.1229918,3,-13,117,124,129,48.062015503875976,-1.3812999174368017
1603885505.3166316,3,-14,110,123,126,49.206349206349216,-1.4875077226255586
1603885505.5069003,3,-12,105,121,124,50.00000000000001,-1.2750826169617748
1603885505.7011023,3,-17,100,122,124,50.00000000000001,-1.806066883527694
1603885505.9066398,3,-16,97,120,124,50.00000000000001,-1.6998919335324794
1603885506.0965004,3,-15,99,121,124,50.00000000000001,-1.593705304019792
1603885506.2882326,3,-24,99,122,123,50.40650406504066,-2.548903494068427
1603885506.4680514,3,-24,100,121,123,50.40650406504066,-2.548903494068427
1603885506.6620038,3,-23,100,121,123,50.40650406504066,-2.4428306303611227
1603885506.8542886,3,-24,100,121,124,50.00000000000001,-2.548903494068427
1603885507.0514603,3,-24,100,121,124,50.00000000000001,-2.548903494068427
1603885507.2518306,3,-24,100,121,124,50.00000000000001,-2.548903494068427
1603885507.445411,3,-24,100,121,124,50.00000000000001,-2.548903494068427
1603885507.6441936,3,-24,100,121,124,50.00000000000001,-2.548903494068427
1603885507.8572838,3,-24,100,121,123,50.40650406504066,-2.548903494068427
1603885508.0631106,3,-24,100,121,123,50.40650406504066,-2.548903494068427
1603885508.2570515,3,-24,100,121,123,50.40650406504066,-2.548903494068427
1603885508.455759,3,-24,100,121,123,50.40650406504066,-2.548903494068427
1603885508.6563594,3,-24,100,121,123,50.40650406504066,-2.548903494068427
1603885508.8505797,3,-24,100,121,123,50.40650406504066,-2.548903494068427
1603885509.050264,3,-24,100,121,123,50.40650406504066,-2.548903494068427
1603885509.2506828,3,-24,100,121,123,50.40650406504066,-2.548903494068427
1603885509.4447224,3,-24,100,121,123,50.40650406504066,-2.548903494068427
1603885509.6440563,3,-24,100,121,124,50.00000000000001,-2.548903494068427
1603885509.8477771,3,-24,100,121,123,50.40650406504066,-2.548903494068427
1603885510.033167,3,-24,100,121,123,50.40650406504066,-2.548903494068427
1603885510.2271914,3,-24,100,121,124,50.00000000000001,-2.548903494068427
1603885510.4264946,3,-24,100,121,123,50.40650406504066,-2.548903494068427
1603885510.6265135,3,-24,100,121,123,50.40650406504066,-2.548903494068427
1603885510.8204973,3,-24,100,121,123,50.40650406504066,-2.548903494068427
1603885511.0191603,3,-24,100,121,124,50.00000000000001,-2.548903494068427
1603885511.219973,3,-24,100,121,123,50.40650406504066,-2.548903494068427
1603885511.4138193,3,-24,100,121,123,50.40650406504066,-2.548903494068427
1603885511.6122963,3,-24,100,121,123,50.40650406504066,-2.548903494068427
1603885511.8122723,3,-24,100,121,123,50.40650406504066,-2.548903494068427
1603885512.0067012,3,-24,100,121,124,50.00000000000001,-2.548903494068427
1603885512.2052493,3,-24,100,121,123,50.40650406504066,-2.548903494068427
1603885512.4056244,3,-24,100,121,123,50.40650406504066,-2.548903494068427
1603885512.600187,3,-24,100,121,123,50.40650406504066,-2.548903494068427
1603885512.7981055,3,-24,100,121,124,50.00000000000001,-2.548903494068427
1603885512.9992235,3,-24,100,121,123,50.40650406504066,-2.548903494068427
1603885513.1932302,3,-24,100,121,123,50.40650406504066,-2.548903494068427
1603885513.3919141,3,-24,100,121,124,50.00000000000001,-2.548903494068427
1603885513.5922365,3,-24,100,121,123,50.40650406504066,-2.548903494068427
1603885513.808328,3,-24,100,121,123,50.40650406504066,-2.548903494068427
1603885514.0137396,3,-24,100,121,124,50.00000000000001,-2.548903494068427
1603885514.2255712,3,-24,100,121,123,50.40650406504066,-2.548903494068427
1603885514.4428928,3,-24,100,121,123,50.40650406504066,-2.548903494068427
1603885514.6520042,3,-24,100,121,123,50.40650406504066,-2.548903494068427
1603885514.8495865,3,-24,100,121,123,50.40650406504066,-2.548903494068427
1603885515.0532756,3,-24,100,121,123,50.40650406504066,-2.548903494068427
1603885515.2563896,3,-24,100,121,123,50.40650406504066,-2.548903494068427
1603885515.4643447,3,-24,100,121,123,50.40650406504066,-2.548903494068427
1603885515.6620967,3,-24,100,121,123,50.40650406504066,-2.548903494068427
1603885515.8651748,3,-24,100,121,124,50.00000000000001,-2.548903494068427
1603885516.0669272,3,-24,99,121,123,50.40650406504066,-2.548903494068427
1603885516.2664824,3,-25,98,121,124,50.00000000000001,-2.6549588769771035
1603885516.467682,3,-26,96,121,123,50.40650406504066,-2.7609960568462575
1603885516.6572638,3,-30,103,121,123,50.40650406504066,-3.1849483278557194
1603885516.8488908,3,-31,110,119,122,50.81967213114755,-3.2908836860672923
1603885517.0428395,3,-24,99,117,119,52.10084033613446,-2.548903494068427
1603885517.245545,3,-23,94,113,116,53.448275862068975,-2.4428306303611227
1603885517.4383953,3,-12,89,112,114,54.38596491228071,-1.2750826169617748
1603885517.6341033,3,-10,90,110,113,54.86725663716815,-1.0626224461126088
1603885517.833884,3,-17,94,109,113,54.86725663716815,-1.806066883527694
1603885518.0303056,3,-16,95,109,111,55.855855855855864,-1.6998919335324794
1603885518.2327206,3,-15,97,109,112,55.35714285714287,-1.593705304019792
1603885518.4377398,3,-16,95,109,112,55.35714285714287,-1.6998919335324794
1603885518.6334713,3,-16,95,109,111,55.855855855855864,-1.6998919335324794
1603885518.8421276,3,-16,95,109,111,55.855855855855864,-1.6998919335324794
1603885519.0392683,3,-16,95,109,112,55.35714285714287,-1.6998919335324794
1603885519.2442064,3,-16,95,109,112,55.35714285714287,-1.6998919335324794
1603885519.451236,3,-16,95,109,112,55.35714285714287,-1.6998919335324794
1603885519.6571124,3,-16,95,109,112,55.35714285714287,-1.6998919335324794
1603885519.8738763,3,-16,95,109,111,55.855855855855864,-1.6998919335324794
1603885520.0700922,3,-16,96,109,112,55.35714285714287,-1.6998919335324794
1603885520.2886114,3,-16,95,109,112,55.35714285714287,-1.6998919335324794
1603885520.517874,3,-13,96,110,111,55.855855855855864,-1.3812999174368017
1603885520.7197902,3,-15,96,109,113,54.86725663716815,-1.593705304019792
1603885520.9121783,3,-15,96,110,112,55.35714285714287,-1.593705304019792
1603885521.108738,3,-17,97,110,112,55.35714285714287,-1.806066883527694
1603885521.311371,3,-16,98,110,112,55.35714285714287,-1.6998919335324794
1603885521.5036259,3,-18,96,109,112,55.35714285714287,-1.9122294268504203
1603885521.7001328,3,-18,96,109,112,55.35714285714287,-1.9122294268504203
1603885521.8968716,3,-18,96,109,112,55.35714285714287,-1.9122294268504203
1603885522.0972204,3,-18,96,109,112,55.35714285714287,-1.9122294268504203
1603885522.3102572,3,-18,95,109,113,54.86725663716815,-1.9122294268504203
1603885522.5047505,3,-18,96,109,112,55.35714285714287,-1.9122294268504203
1603885522.7034593,3,-18,96,109,112,55.35714285714287,-1.9122294268504203
1603885522.9050727,3,-18,96,109,112,55.35714285714287,-1.9122294268504203
1603885523.0989664,3,-18,96,109,112,55.35714285714287,-1.9122294268504203
1603885523.2982953,3,-18,96,109,112,55.35714285714287,-1.9122294268504203
1603885523.4991138,3,-18,95,109,113,54.86725663716815,-1.9122294268504203
1603885523.6937425,3,-18,96,109,112,55.35714285714287,-1.9122294268504203
1603885523.8926492,3,-18,96,109,112,55.35714285714287,-1.9122294268504203
1603885524.0927823,3,-18,96,109,112,55.35714285714287,-1.9122294268504203
1603885524.2867959,3,-18,96,109,112,55.35714285714287,-1.9122294268504203
1603885524.4858143,3,-18,96,109,112,55.35714285714287,-1.9122294268504203
1603885524.6866994,3,-18,96,109,112,55.35714285714287,-1.9122294268504203
1603885524.88088,3,-18,96,109,112,55.35714285714287,-1.9122294268504203
1603885525.079368,3,-18,95,109,113,54.86725663716815,-1.9122294268504203
1603885525.2804604,3,-18,96,109,112,55.35714285714287,-1.9122294268504203
1603885525.4745905,3,-18,96,109,112,55.35714285714287,-1.9122294268504203
1603885525.673653,3,-18,96,109,112,55.35714285714287,-1.9122294268504203
1603885525.8742726,3,-18,96,109,112,55.35714285714287,-1.9122294268504203
1603885526.090494,3,-18,96,109,112,55.35714285714287,-1.9122294268504203
1603885526.2923882,3,-18,96,109,112,55.35714285714287,-1.9122294268504203
1603885526.4995098,3,-18,96,109,112,55.35714285714287,-1.9122294268504203
1603885526.7160525,3,-18,96,109,112,55.35714285714287,-1.9122294268504203
1603885526.9214778,3,-18,96,109,112,55.35714285714287,-1.9122294268504203
1603885527.1283047,3,-18,96,109,112,55.35714285714287,-1.9122294268504203
1603885527.3366554,3,-18,95,109,113,54.86725663716815,-1.9122294268504203
1603885527.5448458,3,-18,96,109,112,55.35714285714287,-1.9122294268504203
1603885527.7487113,3,-18,95,109,113,54.86725663716815,-1.9122294268504203
1603885527.947586,3,-18,96,109,112,55.35714285714287,-1.9122294268504203
1603885528.1547508,3,-18,96,109,112,55.35714285714287,-1.9122294268504203
1603885528.3566349,3,-18,96,109,112,55.35714285714287,-1.9122294268504203
1603885528.5618467,3,-18,95,109,113,54.86725663716815,-1.9122294268504203
1603885528.7600489,3,-18,95,109,113,54.86725663716815,-1.9122294268504203
1603885528.9672816,3,-18,96,109,112,55.35714285714287,-1.9122294268504203
1603885529.1650813,3,-18,96,109,112,55.35714285714287,-1.9122294268504203
1603885529.3740604,3,-18,96,109,112,55.35714285714287,-1.9122294268504203
1603885529.572001,3,-18,96,109,113,54.86725663716815,-1.9122294268504203
1603885529.777096,3,-18,95,110,112,55.35714285714287,-1.9122294268504203
1603885529.9713705,3,-19,92,109,111,55.855855855855864,-2.018378836856321
1603885530.1633618,3,-20,84,108,108,57.40740740740742,-2.124514387441452
1603885530.343986,3,-21,94,106,109,56.88073394495414,-2.2306353530719227
1603885530.5103238,3,-16,105,105,108,57.40740740740742,-1.6998919335324794
1603885530.7017174,3,-17,98,103,107,57.94392523364487,-1.806066883527694
1603885530.8952143,3,-20,100,104,106,58.49056603773586,-2.124514387441452
1603885531.0883992,3,-17,97,101,105,59.04761904761906,-1.806066883527694
1603885531.2910035,3,-15,94,101,104,59.61538461538463,-1.593705304019792
1603885531.4985344,3,-14,90,101,104,59.61538461538463,-1.4875077226255586
1603885531.7011738,3,-18,89,101,103,60.194174757281566,-1.9122294268504203
1603885531.8973393,3,-14,91,100,103,60.194174757281566,-1.4875077226255586
1603885532.103606,3,-15,93,100,102,60.78431372549021,-1.593705304019792
1603885532.3033886,3,-15,92,100,103,60.194174757281566,-1.593705304019792
1603885532.503694,3,-15,92,100,103,60.194174757281566,-1.593705304019792
1603885532.7190945,3,-15,92,100,104,59.61538461538463,-1.593705304019792
1603885532.916047,3,-15,92,100,103,60.194174757281566,-1.593705304019792
1603885533.123476,3,-15,92,100,103,60.194174757281566,-1.593705304019792
1603885533.3205028,3,-15,92,100,103,60.194174757281566,-1.593705304019792
1603885533.5349863,3,-15,92,100,103,60.194174757281566,-1.593705304019792
1603885533.7337885,3,-15,92,100,103,60.194174757281566,-1.593705304019792
1603885533.9547384,3,-15,92,99,104,59.61538461538463,-1.593705304019792
1603885534.168846,3,-15,92,100,103,60.194174757281566,-1.593705304019792
1603885534.3791149,3,-15,92,100,103,60.194174757281566,-1.593705304019792
1603885534.5927422,3,-15,92,100,104,59.61538461538463,-1.593705304019792
1603885534.7906315,3,-15,92,99,103,60.194174757281566,-1.593705304019792
1603885534.9967382,3,-15,92,100,103,60.194174757281566,-1.593705304019792
1603885535.203614,3,-15,92,100,104,59.61538461538463,-1.593705304019792
1603885535.4273548,3,-15,92,100,104,59.61538461538463,-1.593705304019792
1603885535.6310525,3,-15,92,100,104,59.61538461538463,-1.593705304019792
1603885535.8413062,3,-15,92,100,103,60.194174757281566,-1.593705304019792
1603885536.0386572,3,-15,92,100,103,60.194174757281566,-1.593705304019792
1603885536.2575383,3,-15,92,100,104,59.61538461538463,-1.593705304019792
1603885536.4564188,3,-15,92,99,104,59.61538461538463,-1.593705304019792
1603885536.6607852,3,-15,92,100,104,59.61538461538463,-1.593705304019792
1603885536.8600779,3,-15,92,100,103,60.194174757281566,-1.593705304019792
1603885537.063663,3,-15,92,100,103,60.194174757281566,-1.593705304019792
1603885537.2674208,3,-15,92,99,104,59.61538461538463,-1.593705304019792
1603885537.4706955,3,-15,92,100,103,60.194174757281566,-1.593705304019792
1603885537.675036,3,-15,92,100,104,59.61538461538463,-1.593705304019792
1603885537.8791087,3,-15,92,100,103,60.194174757281566,-1.593705304019792
1603885538.0821326,3,-15,92,100,103,60.194174757281566,-1.593705304019792
1603885538.302509,3,-15,92,100,104,59.61538461538463,-1.593705304019792
1603885538.5081162,3,-15,92,100,104,59.61538461538463,-1.593705304019792
1603885538.72795,3,-15,92,100,103,60.194174757281566,-1.593705304019792
1603885538.946409,3,-15,92,100,104,59.61538461538463,-1.593705304019792
1603885539.1697774,3,-15,92,100,103,60.194174757281566,-1.593705304019792
1603885539.3886306,3,-15,92,100,103,60.194174757281566,-1.593705304019792
1603885539.6049602,3,-15,92,100,103,60.194174757281566,-1.593705304019792
1603885539.811513,3,-15,92,100,103,60.194174757281566,-1.593705304019792
1603885540.0153437,3,-15,92,100,103,60.194174757281566,-1.593705304019792
1603885540.2558556,3,-15,92,100,103,60.194174757281566,-1.593705304019792
1603885540.4841797,3,-15,92,100,103,60.194174757281566,-1.593705304019792
1603885540.7154622,3,-15,92,100,103,60.194174757281566,-1.593705304019792
1603885540.9344397,3,-15,92,100,104,59.61538461538463,-1.593705304019792
1603885541.134715,3,-15,92,100,104,59.61538461538463,-1.593705304019792
1603885541.3397608,3,-15,92,100,104,59.61538461538463,-1.593705304019792
1603885541.5489051,3,-15,92,100,103,60.194174757281566,-1.593705304019792
1603885541.748566,3,-15,92,100,103,60.194174757281566,-1.593705304019792
1603885541.9418778,3,-15,92,100,103,60.194174757281566,-1.593705304019792
1603885542.1626995,3,-15,92,100,103,60.194174757281566,-1.593705304019792
1603885542.3685796,3,-15,92,100,104,59.61538461538463,-1.593705304019792
1603885542.5760922,3,-15,92,100,103,60.194174757281566,-1.593705304019792
1603885542.7782276,3,-15,92,100,104,59.61538461538463,-1.593705304019792
1603885542.9834366,3,-15,92,100,103,60.194174757281566,-1.593705304019792
1603885543.1835597,3,-15,92,99,104,59.61538461538463,-1.593705304019792
1603885543.3914306,3,-15,92,100,103,60.194174757281566,-1.593705304019792
1603885543.590572,3,-15,92,100,104,59.61538461538463,-1.593705304019792
1603885543.7846324,3,-15,92,100,104,59.61538461538463,-1.593705304019792
1603885543.9987206,3,-15,92,100,103,60.194174757281566,-1.593705304019792
1603885544.2002587,3,-15,92,100,104,59.61538461538463,-1.593705304019792
1603885544.435509,3,-15,92,100,103,60.194174757281566,-1.593705304019792
1603885544.6524217,3,-15,92,100,103,60.194174757281566,-1.593705304019792
1603885544.854587,3,-15,92,100,103,60.194174757281566,-1.593705304019792
1603885545.0863194,3,-15,92,100,103,60.194174757281566,-1.593705304019792
1603885545.2834058,3,-15,92,100,103,60.194174757281566,-1.593705304019792
1603885545.4961774,3,-15,92,100,103,60.194174757281566,-1.593705304019792
1603885545.6893835,3,-15,92,101,104,59.61538461538463,-1.593705304019792
1603885545.8805218,3,-15,92,100,104,59.61538461538463,-1.593705304019792
1603885546.0903597,3,-15,92,100,103,60.194174757281566,-1.593705304019792
1603885546.284229,3,-15,93,99,102,60.78431372549021,-1.593705304019792
1603885546.4792316,3,-14,92,100,103,60.194174757281566,-1.4875077226255586
1603885546.6866,3,-15,89,100,101,61.3861386138614,-1.593705304019792
1603885546.8794796,3,-23,86,100,102,60.78431372549021,-2.4428306303611227
1603885547.0692725,3,-14,86,98,100,62.00000000000001,-1.4875077226255586
1603885547.2689211,3,-8,101,98,102,60.78431372549021,-0.8501330454313055
1603885547.4499776,3,1,96,95,98,63.26530612244899,0.1062743078657994
1603885547.6597807,3,-2,96,94,97,63.917525773195884,-0.212547884480388
1603885547.8492575,3,-3,89,94,96,64.58333333333334,-0.3188199986227441
1603885548.036229,3,-5,89,94,96,64.58333333333334,-0.5313569149387267
1603885548.227186,3,2,90,94,96,64.58333333333334,0.212547884480388
1603885548.4168248,3,0,91,94,97,63.917525773195884,0.0
1603885548.6117535,3,-3,90,94,97,63.917525773195884,-0.3188199986227441
1603885548.831112,3,-11,90,94,96,64.58333333333334,-1.1688565501000576
1603885549.0309236,3,-12,90,93,96,64.58333333333334,-1.2750826169617748
1603885549.223336,3,-8,91,93,94,65.95744680851065,-0.8501330454313055
1603885549.4197464,3,-8,91,92,95,65.26315789473685,-0.8501330454313055
1603885549.6324875,3,-8,89,92,95,65.26315789473685,-0.8501330454313055
1603885549.8436081,3,-8,89,93,95,65.26315789473685,-0.8501330454313055
1603885550.0492618,3,-8,89,92,95,65.26315789473685,-0.8501330454313055
1603885550.2551937,3,-8,89,92,95,65.26315789473685,-0.8501330454313055
1603885550.463869,3,-8,89,92,95,65.26315789473685,-0.8501330454313055
1603885550.666362,3,-8,89,92,95,65.26315789473685,-0.8501330454313055
1603885550.874263,3,-8,89,92,95,65.26315789473685,-0.8501330454313055
1603885551.0693932,3,-8,89,92,95,65.26315789473685,-0.8501330454313055
1603885551.2738516,3,-8,89,92,95,65.26315789473685,-0.8501330454313055
1603885551.4690545,3,-8,89,92,95,65.26315789473685,-0.8501330454313055
1603885551.6692939,3,-8,89,92,95,65.26315789473685,-0.8501330454313055
1603885551.8701994,3,-8,89,93,95,65.26315789473685,-0.8501330454313055
1603885552.064605,3,-8,89,92,95,65.26315789473685,-0.8501330454313055
1603885552.2647963,3,-8,89,93,95,65.26315789473685,-0.8501330454313055
1603885552.466034,3,-8,89,93,95,65.26315789473685,-0.8501330454313055
1603885552.6610801,3,-8,89,93,95,65.26315789473685,-0.8501330454313055
1603885552.8616443,3,-8,89,93,95,65.26315789473685,-0.8501330454313055
1603885553.0647693,3,-8,89,92,95,65.26315789473685,-0.8501330454313055
1603885553.2605135,3,-8,89,92,95,65.26315789473685,-0.8501330454313055
1603885553.4665139,3,-8,89,92,95,65.26315789473685,-0.8501330454313055
1603885553.6617792,3,-8,89,92,95,65.26315789473685,-0.8501330454313055
1603885553.863343,3,-8,89,92,95,65.26315789473685,-0.8501330454313055
1603885554.0651166,3,-8,89,92,95,65.26315789473685,-0.8501330454313055
1603885554.2603009,3,-8,89,93,95,65.26315789473685,-0.8501330454313055
1603885554.47806,3,-8,89,92,95,65.26315789473685,-0.8501330454313055
1603885554.6867445,3,-8,89,92,95,65.26315789473685,-0.8501330454313055
1603885554.8922102,3,-8,89,92,95,65.26315789473685,-0.8501330454313055
1603885555.0915675,3,-8,89,93,95,65.26315789473685,-0.8501330454313055
1603885555.2838635,3,-8,89,92,95,65.26315789473685,-0.8501330454313055
1603885555.4810677,3,-8,89,92,95,65.26315789473685,-0.8501330454313055
1603885555.6941464,3,-8,89,92,95,65.26315789473685,-0.8501330454313055
1603885555.9161558,3,-8,89,92,95,65.26315789473685,-0.8501330454313055
1603885556.12783,3,-8,89,92,95,65.26315789473685,-0.8501330454313055
1603885556.339855,3,-8,89,92,95,65.26315789473685,-0.8501330454313055
1603885556.5346532,3,-8,89,92,95,65.26315789473685,-0.8501330454313055
1603885556.7544777,3,-8,89,92,95,65.26315789473685,-0.8501330454313055
1603885556.9878752,3,-8,89,92,95,65.26315789473685,-0.8501330454313055
1603885557.1953108,3,-8,89,92,95,65.26315789473685,-0.8501330454313055
1603885557.4075012,3,-8,89,92,95,65.26315789473685,-0.8501330454313055
1603885557.6226492,3,-8,89,93,95,65.26315789473685,-0.8501330454313055
1603885557.8394306,3,-8,89,92,95,65.26315789473685,-0.8501330454313055
1603885558.0588408,3,-8,89,92,95,65.26315789473685,-0.8501330454313055
1603885558.2659366,3,-8,89,92,95,65.26315789473685,-0.8501330454313055
1603885558.4832573,3,-8,89,93,95,65.26315789473685,-0.8501330454313055
1603885558.7127452,3,-8,86,92,94,65.95744680851065,-0.8501330454313055
1603885558.9022043,3,-12,76,91,94,65.95744680851065,-1.2750826169617748
1603885559.0918505,3,-17,89,91,93,66.66666666666667,-1.806066883527694
1603885559.2829134,3,-20,94,90,93,66.66666666666667,-2.124514387441452
1603885559.4713447,3,-18,96,89,92,67.3913043478261,-1.9122294268504203
1603885559.666526,3,-10,98,88,90,68.8888888888889,-1.0626224461126088
1603885559.8563254,3,-2,91,86,89,69.66292134831461,-0.212547884480388
1603885560.0630918,3,-5,91,86,88,70.45454545454547,-0.5313569149387267
1603885560.2383099,3,-1,88,85,88,70.45454545454547,-0.1062743078657994
1603885560.4560459,3,-15,90,86,88,70.45454545454547,-1.593705304019792
1603885560.6507928,3,-16,90,86,88,70.45454545454547,-1.6998919335324794
1603885560.847821,3,-18,89,86,87,71.26436781609196,-1.9122294268504203
1603885561.0586338,3,-18,87,87,89,69.66292134831461,-1.9122294268504203
1603885561.2557092,3,-17,88,86,88,70.45454545454547,-1.806066883527694
1603885561.464274,3,-18,87,87,89,69.66292134831461,-1.9122294268504203
1603885561.671667,3,-17,87,86,89,69.66292134831461,-1.806066883527694
1603885561.8706257,3,-18,87,87,89,69.66292134831461,-1.9122294268504203
1603885562.0632405,3,-17,87,86,89,69.66292134831461,-1.806066883527694
1603885562.2613873,3,-17,88,86,88,70.45454545454547,-1.806066883527694
1603885562.4700072,3,-18,87,87,89,69.66292134831461,-1.9122294268504203
1603885562.6739469,3,-17,87,86,89,69.66292134831461,-1.806066883527694
1603885562.902089,3,-18,88,87,88,70.45454545454547,-1.9122294268504203
1603885563.1249673,3,-18,88,87,88,70.45454545454547,-1.9122294268504203
1603885563.338634,3,-17,87,86,89,69.66292134831461,-1.806066883527694
1603885563.5317154,3,-17,88,86,88,70.45454545454547,-1.806066883527694
1603885563.7256446,3,-17,88,86,88,70.45454545454547,-1.806066883527694
1603885563.9253113,3,-17,88,86,88,70.45454545454547,-1.806066883527694
1603885564.138542,3,-17,87,86,89,69.66292134831461,-1.806066883527694
1603885564.3543692,3,-17,88,86,88,70.45454545454547,-1.806066883527694
1603885564.5696862,3,-17,87,86,89,69.66292134831461,-1.806066883527694
1603885564.8066874,3,-17,88,86,88,70.45454545454547,-1.806066883527694
1603885565.0231879,3,-17,87,86,89,69.66292134831461,-1.806066883527694
1603885565.2170718,3,-17,87,86,89,69.66292134831461,-1.806066883527694
1603885565.4293878,3,-17,87,86,89,69.66292134831461,-1.806066883527694
1603885565.623534,3,-17,87,86,89,69.66292134831461,-1.806066883527694
1603885565.8428063,3,-17,87,86,89,69.66292134831461,-1.806066883527694
1603885566.049367,3,-17,87,86,89,69.66292134831461,-1.806066883527694
1603885566.2636423,3,-18,87,87,89,69.66292134831461,-1.9122294268504203
1603885566.4630404,3,-17,88,86,88,70.45454545454547,-1.806066883527694
1603885566.6845806,3,-17,87,86,89,69.66292134831461,-1.806066883527694
1603885566.890629,3,-17,87,86,89,69.66292134831461,-1.806066883527694
1603885567.0899992,3,-17,88,86,88,70.45454545454547,-1.806066883527694
1603885567.2849412,3,-17,87,86,89,69.66292134831461,-1.806066883527694
1603885567.5107334,3,-17,88,86,88,70.45454545454547,-1.806066883527694
1603885567.7148569,3,-18,87,87,89,69.66292134831461,-1.9122294268504203
1603885567.9226356,3,-18,87,87,89,69.66292134831461,-1.9122294268504203
1603885568.1314123,3,-17,87,86,89,69.66292134831461,-1.806066883527694
1603885568.3466005,3,-17,87,86,89,69.66292134831461,-1.806066883527694
1603885568.5606143,3,-18,87,87,89,69.66292134831461,-1.9122294268504203
1603885568.7589893,3,-17,87,86,89,69.66292134831461,-1.806066883527694
1603885568.971411,3,-17,87,86,89,69.66292134831461,-1.806066883527694
1603885569.177642,3,-18,87,87,89,69.66292134831461,-1.9122294268504203
1603885569.3807962,3,-17,87,86,89,69.66292134831461,-1.806066883527694
1603885569.588203,3,-17,87,86,89,69.66292134831461,-1.806066883527694
1603885569.807353,3,-17,87,86,88,70.45454545454547,-1.806066883527694
1603885570.0281465,3,-17,88,86,88,70.45454545454547,-1.806066883527694
1603885570.2258797,3,-17,88,86,88,70.45454545454547,-1.806066883527694
1603885570.4471114,3,-18,88,87,88,70.45454545454547,-1.9122294268504203
1603885570.6714666,3,-17,88,86,88,70.45454545454547,-1.806066883527694
1603885570.9085617,3,-17,88,85,88,70.45454545454547,-1.806066883527694
1603885571.1175354,3,-15,87,86,88,70.45454545454547,-1.593705304019792
1603885571.3438697,3,-13,87,86,88,70.45454545454547,-1.3812999174368017
1603885571.549791,3,-13,86,85,88,70.45454545454547,-1.3812999174368017
1603885571.756022,3,-15,81,85,87,71.26436781609196,-1.593705304019792
1603885571.9617424,3,-14,85,85,86,72.09302325581396,-1.4875077226255586
1603885572.1712098,3,-22,88,83,86,72.09302325581396,-2.3367410088134952
1603885572.372735,3,-12,93,82,85,72.94117647058825,-1.2750826169617748
1603885572.555563,3,-8,93,81,84,73.80952380952382,-0.8501330454313055
1603885572.7526798,3,-7,91,82,84,73.80952380952382,-0.74387920879624
1603885572.971558,3,-4,87,80,82,75.60975609756099,-0.425089919132221
1603885573.184402,3,-4,86,79,83,74.6987951807229,-0.425089919132221
1603885573.402966,3,-3,87,80,83,74.6987951807229,-0.3188199986227441
1603885573.6034014,3,-3,86,80,82,75.60975609756099,-0.3188199986227441
1603885573.7935152,3,-3,86,80,82,75.60975609756099,-0.3188199986227441
1603885574.0002198,3,-3,86,80,82,75.60975609756099,-0.3188199986227441
1603885574.1964123,3,-3,86,80,82,75.60975609756099,-0.3188199986227441
1603885574.419209,3,-3,86,80,82,75.60975609756099,-0.3188199986227441
1603885574.6359031,3,-3,86,80,82,75.60975609756099,-0.3188199986227441
1603885574.9313927,3,-3,86,80,82,75.60975609756099,-0.3188199986227441
1603885575.1373708,3,-3,86,80,82,75.60975609756099,-0.3188199986227441
1603885575.3389256,3,-3,86,80,82,75.60975609756099,-0.3188199986227441
1603885575.5328727,3,-3,86,80,82,75.60975609756099,-0.3188199986227441
1603885575.7513924,3,-3,86,80,82,75.60975609756099,-0.3188199986227441
1603885575.9632525,3,-3,86,80,82,75.60975609756099,-0.3188199986227441
1603885576.1598408,3,-3,86,80,82,75.60975609756099,-0.3188199986227441
1603885576.3737476,3,-3,86,80,82,75.60975609756099,-0.3188199986227441
1603885576.594762,3,-3,86,80,82,75.60975609756099,-0.3188199986227441
1603885576.8070953,3,-3,86,80,82,75.60975609756099,-0.3188199986227441
1603885577.0069036,3,-3,86,80,82,75.60975609756099,-0.3188199986227441
1603885577.2223978,3,-3,85,80,83,74.6987951807229,-0.3188199986227441
1603885577.438633,3,-3,86,80,82,75.60975609756099,-0.3188199986227441
1603885577.6514344,3,-3,86,80,82,75.60975609756099,-0.3188199986227441
1603885577.847147,3,-3,86,80,82,75.60975609756099,-0.3188199986227441
1603885578.0468268,3,-3,86,80,82,75.60975609756099,-0.3188199986227441
1603885578.261697,3,-3,86,80,82,75.60975609756099,-0.3188199986227441
1603885578.4675362,3,-3,86,80,81,76.54320987654322,-0.3188199986227441
1603885578.668095,3,-3,85,80,83,74.6987951807229,-0.3188199986227441
1603885578.9014258,3,-3,85,80,83,74.6987951807229,-0.3188199986227441
1603885579.1183603,3,-3,86,80,82,75.60975609756099,-0.3188199986227441
1603885579.3135197,3,-3,86,80,82,75.60975609756099,-0.3188199986227441
1603885579.5394113,3,-3,86,80,82,75.60975609756099,-0.3188199986227441
1603885579.7511163,3,-3,85,80,83,74.6987951807229,-0.3188199986227441
1603885579.950937,3,-3,85,80,83,74.6987951807229,-0.3188199986227441
1603885580.1558523,3,-3,85,80,83,74.6987951807229,-0.3188199986227441
1603885580.3689249,3,-3,86,80,82,75.60975609756099,-0.3188199986227441
1603885580.5766535,3,-3,86,80,82,75.60975609756099,-0.3188199986227441
1603885580.7768147,3,-3,86,80,82,75.60975609756099,-0.3188199986227441
1603885580.9682124,3,-3,85,80,83,74.6987951807229,-0.3188199986227441
1603885581.1707714,3,-3,86,80,82,75.60975609756099,-0.3188199986227441
1603885581.3770556,3,-3,86,80,82,75.60975609756099,-0.3188199986227441
1603885581.59711,3,-3,85,80,83,74.6987951807229,-0.3188199986227441
1603885581.816589,3,-3,86,80,82,75.60975609756099,-0.3188199986227441
1603885582.0446231,3,-3,86,80,82,75.60975609756099,-0.3188199986227441
1603885582.2600536,3,-3,86,80,82,75.60975609756099,-0.3188199986227441
1603885582.4886193,3,-3,86,80,82,75.60975609756099,-0.3188199986227441
1603885582.7096877,3,-3,85,80,83,74.6987951807229,-0.3188199986227441
1603885582.917441,3,-3,86,80,82,75.60975609756099,-0.3188199986227441
1603885583.108788,3,-3,86,80,82,75.60975609756099,-0.3188199986227441
1603885583.347471,3,-3,85,80,83,74.6987951807229,-0.3188199986227441
1603885583.5832584,3,-3,86,80,82,75.60975609756099,-0.3188199986227441
1603885583.821581,3,-3,86,80,82,75.60975609756099,-0.3188199986227441
1603885584.0588217,3,-4,85,79,82,75.60975609756099,-0.425089919132221
1603885584.2975094,3,-3,84,80,82,75.60975609756099,-0.3188199986227441
1603885584.5024512,3,-4,70,80,81,76.54320987654322,-0.425089919132221
1603885584.8548906,3,-30,90,80,82,75.60975609756099,-3.1849483278557194
1603885585.055539,3,-10,92,76,79,78.48101265822785,-1.0626224461126088
1603885585.2480218,3,-8,101,77,79,78.48101265822785,-0.8501330454313055
1603885585.459748,3,-7,92,75,78,79.4871794871795,-0.74387920879624
1603885585.6504753,3,-8,86,75,78,79.4871794871795,-0.8501330454313055
1603885585.8373597,3,-9,79,75,77,80.51948051948054,-0.9563810345917811
1603885586.0441198,3,-12,78,76,77,80.51948051948054,-1.2750826169617748
1603885586.2488973,3,-6,83,74,77,80.51948051948054,-0.6376202550928943
1603885586.4527338,3,-8,84,75,77,80.51948051948054,-0.8501330454313055
1603885586.654042,3,-8,83,75,77,80.51948051948054,-0.8501330454313055
1603885586.8492255,3,-8,83,75,77,80.51948051948054,-0.8501330454313055
1603885587.0593011,3,-8,83,75,77,80.51948051948054,-0.8501330454313055
1603885587.2652533,3,-8,83,75,77,80.51948051948054,-0.8501330454313055
1603885587.4781418,3,-8,83,75,77,80.51948051948054,-0.8501330454313055
1603885587.7140772,3,-8,83,75,77,80.51948051948054,-0.8501330454313055
1603885587.9175587,3,-8,83,75,77,80.51948051948054,-0.8501330454313055
1603885588.1311138,3,-8,83,75,77,80.51948051948054,-0.8501330454313055
1603885588.346151,3,-8,83,75,77,80.51948051948054,-0.8501330454313055
1603885588.5615823,3,-8,83,75,77,80.51948051948054,-0.8501330454313055
1603885588.7650075,3,-8,83,75,77,80.51948051948054,-0.8501330454313055
1603885588.9834702,3,-8,83,75,77,80.51948051948054,-0.8501330454313055
1603885589.2142513,3,-8,83,75,77,80.51948051948054,-0.8501330454313055
1603885589.4297523,3,-8,83,75,77,80.51948051948054,-0.8501330454313055
1603885589.6281168,3,-8,83,75,77,80.51948051948054,-0.8501330454313055
1603885589.8352432,3,-8,83,75,77,80.51948051948054,-0.8501330454313055
1603885590.0453014,3,-8,83,75,77,80.51948051948054,-0.8501330454313055
1603885590.250323,3,-8,83,75,77,80.51948051948054,-0.8501330454313055
1603885590.4554546,3,-8,83,75,77,80.51948051948054,-0.8501330454313055
1603885590.6799376,3,-8,83,75,77,80.51948051948054,-0.8501330454313055
1603885590.8724535,3,-8,83,75,77,80.51948051948054,-0.8501330454313055
1603885591.0983076,3,-8,83,75,77,80.51948051948054,-0.8501330454313055
1603885591.3045912,3,-8,83,75,77,80.51948051948054,-0.8501330454313055
1603885591.4963617,3,-8,83,75,77,80.51948051948054,-0.8501330454313055
1603885591.6987545,3,-8,83,75,77,80.51948051948054,-0.8501330454313055
1603885591.9360242,3,-8,83,75,77,80.51948051948054,-0.8501330454313055
1603885592.1276023,3,-8,83,75,77,80.51948051948054,-0.8501330454313055
1603885592.3426802,3,-8,83,75,77,80.51948051948054,-0.8501330454313055
1603885592.5419025,3,-8,83,75,77,80.51948051948054,-0.8501330454313055
1603885592.7421422,3,-8,83,75,77,80.51948051948054,-0.8501330454313055
1603885592.9606571,3,-8,83,75,77,80.51948051948054,-0.8501330454313055
1603885593.2136126,3,-8,83,75,77,80.51948051948054,-0.8501330454313055
1603885593.4063954,3,-8,83,75,77,80.51948051948054,-0.8501330454313055
1603885593.6183267,3,-8,83,75,77,80.51948051948054,-0.8501330454313055
1603885593.8147025,3,-8,83,75,77,80.51948051948054,-0.8501330454313055
1603885594.0131176,3,-8,83,75,77,80.51948051948054,-0.8501330454313055
1603885594.2354164,3,-8,83,75,77,80.51948051948054,-0.8501330454313055
1603885594.4374034,3,-8,83,75,77,80.51948051948054,-0.8501330454313055
1603885594.6321301,3,-8,83,75,77,80.51948051948054,-0.8501330454313055
1603885594.836835,3,-8,83,75,76,81.57894736842107,-0.8501330454313055
1603885595.037227,3,-8,83,74,77,80.51948051948054,-0.8501330454313055
1603885595.247339,3,-10,86,75,77,80.51948051948054,-1.0626224461126088
1603885595.4393704,3,2,97,74,77,80.51948051948054,0.212547884480388
1603885595.6480656,3,-1,95,74,76,81.57894736842107,-0.1062743078657994
1603885595.8548338,3,-1,85,72,74,83.78378378378379,-0.1062743078657994
1603885596.0767782,3,-9,85,73,74,83.78378378378379,-0.9563810345917811
1603885596.2867184,3,-5,81,71,74,83.78378378378379,-0.5313569149387267
1603885596.498791,3,-6,82,71,73,84.93150684931508,-0.6376202550928943
1603885596.7208834,3,-11,90,71,74,83.78378378378379,-1.1688565501000576
1603885596.9453912,3,-7,86,71,73,84.93150684931508,-0.74387920879624
1603885597.184492,3,-8,83,70,72,86.11111111111113,-0.8501330454313055
1603885597.4056776,3,-9,81,71,73,84.93150684931508,-0.9563810345917811
1603885597.617634,3,-9,81,71,73,84.93150684931508,-0.9563810345917811
1603885597.8166544,3,-9,82,71,72,86.11111111111113,-0.9563810345917811
1603885598.0460787,3,-9,81,71,73,84.93150684931508,-0.9563810345917811
1603885598.260105,3,-9,81,71,73,84.93150684931508,-0.9563810345917811
1603885598.4636514,3,-9,81,71,73,84.93150684931508,-0.9563810345917811
1603885598.6771467,3,-9,81,71,73,84.93150684931508,-0.9563810345917811
1603885598.898347,3,-9,81,71,73,84.93150684931508,-0.9563810345917811
1603885599.1077223,3,-9,82,71,72,86.11111111111113,-0.9563810345917811
1603885599.326334,3,-9,81,71,73,84.93150684931508,-0.9563810345917811
1603885599.542743,3,-9,81,71,73,84.93150684931508,-0.9563810345917811
1603885599.7449627,3,-9,81,71,73,84.93150684931508,-0.9563810345917811
1603885599.9647036,3,-9,82,71,72,86.11111111111113,-0.9563810345917811
1603885600.1589446,3,-9,81,71,73,84.93150684931508,-0.9563810345917811
1603885600.363991,3,-9,82,71,72,86.11111111111113,-0.9563810345917811
1603885600.5712602,3,-9,82,71,72,86.11111111111113,-0.9563810345917811
1603885600.772554,3,-9,82,71,72,86.11111111111113,-0.9563810345917811
1603885600.965554,3,-9,81,71,73,84.93150684931508,-0.9563810345917811
1603885601.17349,3,-9,81,71,73,84.93150684931508,-0.9563810345917811
1603885601.3755534,3,-9,81,71,73,84.93150684931508,-0.9563810345917811
1603885601.5869207,3,-9,82,71,72,86.11111111111113,-0.9563810345917811
1603885601.795741,3,-9,82,71,72,86.11111111111113,-0.9563810345917811
1603885602.0081866,3,-9,81,71,73,84.93150684931508,-0.9563810345917811
1603885602.2108574,3,-9,82,71,72,86.11111111111113,-0.9563810345917811
1603885602.43229,3,-9,81,71,73,84.93150684931508,-0.9563810345917811
1603885602.6244786,3,-9,82,71,72,86.11111111111113,-0.9563810345917811
1603885602.854536,3,-9,81,71,73,84.93150684931508,-0.9563810345917811
1603885603.061768,3,-9,82,71,72,86.11111111111113,-0.9563810345917811
1603885603.2803133,3,-9,81,71,73,84.93150684931508,-0.9563810345917811
1603885603.4995062,3,-9,81,71,73,84.93150684931508,-0.9563810345917811
1603885603.709663,3,-9,81,71,73,84.93150684931508,-0.9563810345917811
1603885603.9068844,3,-9,81,71,73,84.93150684931508,-0.9563810345917811
1603885604.107558,3,-9,81,71,73,84.93150684931508,-0.9563810345917811
1603885604.3110769,3,-9,81,71,73,84.93150684931508,-0.9563810345917811
1603885604.5238104,3,-9,82,71,72,86.11111111111113,-0.9563810345917811
1603885604.7448153,3,-9,81,71,73,84.93150684931508,-0.9563810345917811
1603885604.9498582,3,-9,82,71,72,86.11111111111113,-0.9563810345917811
1603885605.1476073,3,-9,82,71,72,86.11111111111113,-0.9563810345917811
1603885605.3464391,3,-9,82,71,72,86.11111111111113,-0.9563810345917811
1603885605.559263,3,-9,81,71,73,84.93150684931508,-0.9563810345917811
1603885605.7676582,3,-9,81,71,73,84.93150684931508,-0.9563810345917811
1603885605.97564,3,-9,81,71,73,84.93150684931508,-0.9563810345917811
1603885606.1839745,3,-9,82,71,72,86.11111111111113,-0.9563810345917811
1603885606.410973,3,-9,81,71,73,84.93150684931508,-0.9563810345917811
1603885606.6225348,3,-9,81,71,73,84.93150684931508,-0.9563810345917811
1603885606.8323956,3,-9,81,71,73,84.93150684931508,-0.9563810345917811
1603885607.0248868,3,-9,81,71,73,84.93150684931508,-0.9563810345917811
1603885607.2615254,3,-9,81,71,73,84.93150684931508,-0.9563810345917811
1603885607.5141652,3,-9,81,71,73,84.93150684931508,-0.9563810345917811
1603885607.73121,3,-9,81,71,73,84.93150684931508,-0.9563810345917811
1603885607.9262629,3,-9,81,71,73,84.93150684931508,-0.9563810345917811
1603885608.1382124,3,-9,81,70,73,84.93150684931508,-0.9563810345917811
1603885608.343691,3,-9,81,70,72,86.11111111111113,-0.9563810345917811
1603885608.553058,3,-8,79,70,73,84.93150684931508,-0.8501330454313055
1603885608.7485094,3,-14,79,71,72,86.11111111111113,-1.4875077226255586
1603885608.949763,3,-11,79,70,71,87.32394366197184,-1.1688565501000576
1603885609.1606565,3,-13,79,69,72,86.11111111111113,-1.3812999174368017
1603885609.3666594,3,-5,88,69,73,84.93150684931508,-0.5313569149387267
1603885609.565699,3,2,89,69,72,86.11111111111113,0.212547884480388
1603885609.7634408,3,-3,86,69,70,88.57142857142858,-0.3188199986227441
1603885609.9633725,3,-6,81,69,70,88.57142857142858,-0.6376202550928943
1603885610.1541219,3,4,82,67,70,88.57142857142858,0.425089919132221
1603885610.3660452,3,5,77,66,69,89.85507246376812,0.5313569149387267
1603885610.554138,3,-2,76,67,69,89.85507246376812,-0.212547884480388
1603885610.7504451,3,-1,77,67,69,89.85507246376812,-0.1062743078657994
1603885610.9650548,3,-2,80,66,68,91.1764705882353,-0.212547884480388
1603885611.1638768,3,-6,81,67,69,89.85507246376812,-0.6376202550928943
1603885611.3782814,3,-6,78,66,67,92.53731343283583,-0.6376202550928943
1603885611.5948732,3,-5,79,66,69,89.85507246376812,-0.5313569149387267
1603885611.8029964,3,-5,80,66,69,89.85507246376812,-0.5313569149387267
1603885612.0047598,3,-5,80,66,69,89.85507246376812,-0.5313569149387267
1603885612.2181873,3,-5,80,66,69,89.85507246376812,-0.5313569149387267
1603885612.4497936,3,-5,80,66,69,89.85507246376812,-0.5313569149387267
1603885612.6643019,3,-5,80,66,68,91.1764705882353,-0.5313569149387267
1603885612.8980188,3,-5,80,66,69,89.85507246376812,-0.5313569149387267
1603885613.1043577,3,-5,80,66,69,89.85507246376812,-0.5313569149387267
1603885613.3199968,3,-5,80,66,69,89.85507246376812,-0.5313569149387267
1603885613.5238342,3,-5,80,66,69,89.85507246376812,-0.5313569149387267
1603885613.7419465,3,-5,80,66,69,89.85507246376812,-0.5313569149387267
1603885613.9663293,3,-5,80,66,69,89.85507246376812,-0.5313569149387267
1603885614.1690884,3,-5,80,66,69,89.85507246376812,-0.5313569149387267
1603885614.3803911,3,-5,80,66,69,89.85507246376812,-0.5313569149387267
1603885614.5916765,3,-5,80,66,68,91.1764705882353,-0.5313569149387267
1603885614.810487,3,-5,80,66,69,89.85507246376812,-0.5313569149387267
1603885615.0235307,3,-5,80,66,69,89.85507246376812,-0.5313569149387267
1603885615.2401419,3,-5,80,66,69,89.85507246376812,-0.5313569149387267
1603885615.5191321,3,-5,80,66,69,89.85507246376812,-0.5313569149387267
1603885615.7164333,3,-5,80,66,69,89.85507246376812,-0.5313569149387267
1603885615.9281988,3,-5,80,66,69,89.85507246376812,-0.5313569149387267
1603885616.1275911,3,-5,80,66,69,89.85507246376812,-0.5313569149387267
1603885616.3826017,3,-5,80,66,69,89.85507246376812,-0.5313569149387267
1603885616.5939133,3,-5,80,66,69,89.85507246376812,-0.5313569149387267
1603885616.809131,3,-5,80,66,69,89.85507246376812,-0.5313569149387267
1603885617.0131333,3,-5,80,66,69,89.85507246376812,-0.5313569149387267
1603885617.244611,3,-5,80,66,69,89.85507246376812,-0.5313569149387267
1603885617.4625432,3,-5,80,66,69,89.85507246376812,-0.5313569149387267
1603885617.6675432,3,-5,80,66,69,89.85507246376812,-0.5313569149387267
1603885617.8734324,3,-5,80,66,69,89.85507246376812,-0.5313569149387267
1603885618.0953624,3,-6,80,67,69,89.85507246376812,-0.6376202550928943
1603885618.2876585,3,-5,80,66,69,89.85507246376812,-0.5313569149387267
1603885618.4932868,3,-5,80,67,69,89.85507246376812,-0.5313569149387267
1603885618.6875632,3,-5,80,66,69,89.85507246376812,-0.5313569149387267
1603885618.8838723,3,-5,80,66,69,89.85507246376812,-0.5313569149387267
1603885619.0895128,3,-5,80,66,69,89.85507246376812,-0.5313569149387267
1603885619.3093445,3,-5,80,66,69,89.85507246376812,-0.5313569149387267
1603885619.5024867,3,-5,80,66,69,89.85507246376812,-0.5313569149387267
1603885619.718673,3,-5,80,66,69,89.85507246376812,-0.5313569149387267
1603885619.9416575,3,-5,80,66,69,89.85507246376812,-0.5313569149387267
1603885620.1661005,3,-5,80,66,69,89.85507246376812,-0.5313569149387267
1603885620.3781085,3,-5,80,66,69,89.85507246376812,-0.5313569149387267
1603885620.5911534,3,-5,80,66,69,89.85507246376812,-0.5313569149387267
1603885620.7780843,3,-5,80,66,69,89.85507246376812,-0.5313569149387267
1603885620.982178,3,-5,79,66,69,89.85507246376812,-0.5313569149387267
1603885621.2009377,3,-5,81,67,68,91.1764705882353,-0.5313569149387267
1603885621.430024,3,-5,81,67,68,91.1764705882353,-0.5313569149387267
1603885621.6527143,3,-5,80,67,68,91.1764705882353,-0.5313569149387267
1603885621.8750587,3,-5,81,67,68,91.1764705882353,-0.5313569149387267
1603885622.0687716,3,-5,81,66,68,91.1764705882353,-0.5313569149387267
1603885622.289213,3,-5,81,67,69,89.85507246376812,-0.5313569149387267
1603885622.5319004,3,-4,80,66,70,88.57142857142858,-0.425089919132221
1603885622.7495127,3,-1,75,66,68,91.1764705882353,-0.1062743078657994
1603885622.9665864,3,-7,76,65,67,92.53731343283583,-0.74387920879624
1603885623.15174,3,0,77,64,67,92.53731343283583,0.0
1603885623.3646085,3,7,83,64,67,92.53731343283583,0.74387920879624
1603885623.5717273,3,7,91,65,67,92.53731343283583,0.74387920879624
1603885623.800497,3,4,88,64,67,92.53731343283583,0.425089919132221
1603885624.0042598,3,-1,91,65,68,91.1764705882353,-0.1062743078657994
1603885624.2251937,3,0,88,64,67,92.53731343283583,0.0
1603885624.4323301,3,-1,89,64,66,93.93939393939395,-0.1062743078657994
1603885624.6670659,3,3,80,63,65,95.3846153846154,0.3188199986227441
1603885624.8868825,3,1,78,63,64,96.87500000000001,0.1062743078657994
1603885625.1052935,3,2,74,62,65,95.3846153846154,0.212547884480388
1603885625.3110766,3,1,76,63,65,95.3846153846154,0.1062743078657994
1603885625.5241213,3,1,75,63,66,93.93939393939395,0.1062743078657994
1603885625.7237215,3,0,77,63,65,95.3846153846154,0.0
1603885625.9304752,3,2,78,63,65,95.3846153846154,0.212547884480388
1603885626.1466289,3,2,79,63,66,93.93939393939395,0.212547884480388
1603885626.3533406,3,2,79,63,65,95.3846153846154,0.212547884480388
1603885626.5868037,3,2,78,63,65,95.3846153846154,0.212547884480388
1603885626.8113778,3,2,79,63,65,95.3846153846154,0.212547884480388
1603885627.0494332,3,2,79,63,66,93.93939393939395,0.212547884480388
1603885627.2611418,3,2,79,63,66,93.93939393939395,0.212547884480388
1603885627.479914,3,2,79,63,66,93.93939393939395,0.212547884480388
1603885627.7224178,3,2,79,63,66,93.93939393939395,0.212547884480388
1603885627.9415746,3,2,79,63,65,95.3846153846154,0.212547884480388
1603885628.1460762,3,2,79,63,65,95.3846153846154,0.212547884480388
1603885628.3688738,3,2,79,63,66,93.93939393939395,0.212547884480388
1603885628.5902197,3,2,79,63,66,93.93939393939395,0.212547884480388
1603885628.8045423,3,2,78,63,65,95.3846153846154,0.212547884480388
1603885629.0068784,3,2,79,63,65,95.3846153846154,0.212547884480388
1603885629.2271645,3,2,79,63,65,95.3846153846154,0.212547884480388
1603885629.4630172,3,2,79,63,65,95.3846153846154,0.212547884480388
1603885629.7304602,3,2,79,63,65,95.3846153846154,0.212547884480388
1603885629.948753,3,2,79,63,66,93.93939393939395,0.212547884480388
1603885630.1680787,3,2,79,63,66,93.93939393939395,0.212547884480388
1603885630.379374,3,2,79,63,65,95.3846153846154,0.212547884480388
1603885630.5987384,3,2,79,63,65,95.3846153846154,0.212547884480388
1603885630.8030696,3,2,79,63,65,95.3846153846154,0.212547884480388
1603885630.9972718,3,2,79,63,65,95.3846153846154,0.212547884480388
1603885631.2182145,3,2,79,63,65,95.3846153846154,0.212547884480388
1603885631.4311767,3,2,79,63,65,95.3846153846154,0.212547884480388
1603885631.6290717,3,2,79,63,65,95.3846153846154,0.212547884480388
1603885631.8548377,3,2,79,63,66,93.93939393939395,0.212547884480388
1603885632.0850458,3,2,79,63,66,93.93939393939395,0.212547884480388
1603885632.3157122,3,2,79,63,65,95.3846153846154,0.212547884480388
1603885632.539159,3,2,79,63,66,93.93939393939395,0.212547884480388
1603885632.7413495,3,2,79,63,66,93.93939393939395,0.212547884480388
1603885632.9595127,3,2,79,63,65,95.3846153846154,0.212547884480388
1603885633.1748877,3,2,79,63,66,93.93939393939395,0.212547884480388
1603885633.3910716,3,2,79,63,65,95.3846153846154,0.212547884480388
1603885633.5991454,3,2,78,63,65,95.3846153846154,0.212547884480388
1603885633.8206422,3,2,79,63,65,95.3846153846154,0.212547884480388
1603885634.0428045,3,2,79,63,66,93.93939393939395,0.212547884480388
1603885634.2945664,3,2,78,63,65,95.3846153846154,0.212547884480388
1603885634.5298042,3,2,79,63,66,93.93939393939395,0.212547884480388
1603885634.7466474,3,2,79,63,64,96.87500000000001,0.212547884480388
1603885634.9633367,3,2,79,63,66,93.93939393939395,0.212547884480388
1603885635.1878777,3,2,79,63,64,96.87500000000001,0.212547884480388
1603885635.403025,3,2,79,63,65,95.3846153846154,0.212547884480388
1603885635.6008005,3,2,79,63,66,93.93939393939395,0.212547884480388
1603885635.8205159,3,2,79,63,64,96.87500000000001,0.212547884480388
1603885636.0448618,3,2,79,63,66,93.93939393939395,0.212547884480388
1603885636.2532542,3,2,79,63,66,93.93939393939395,0.212547884480388
1603885636.4794118,3,2,78,63,65,95.3846153846154,0.212547884480388
1603885636.7083995,3,2,79,63,66,93.93939393939395,0.212547884480388
1603885636.913842,3,2,79,63,65,95.3846153846154,0.212547884480388
1603885637.1309202,3,2,78,62,65,95.3846153846154,0.212547884480388
1603885637.3548543,3,2,78,62,65,95.3846153846154,0.212547884480388
1603885637.5742834,3,2,77,63,65,95.3846153846154,0.212547884480388
1603885637.7710834,3,-3,77,63,64,96.87500000000001,-0.3188199986227441
1603885637.9616768,3,-4,77,62,63,98.41269841269843,-0.425089919132221
1603885638.1465142,3,0,78,62,64,96.87500000000001,0.0
1603885638.3648329,3,1,78,62,63,98.41269841269843,0.1062743078657994
1603885638.5517972,3,-1,80,61,62,100.00000000000001,-0.1062743078657994
1603885638.961105,3,-2,80,60,63,98.41269841269843,-0.212547884480388
1603885639.1767347,3,-1,83,60,62,100.00000000000001,-0.1062743078657994
1603885639.397713,3,-5,80,60,62,100.00000000000001,-0.5313569149387267
1603885639.5959477,3,-9,78,60,61,101.6393442622951,-0.9563810345917811
1603885639.8183315,3,-8,80,60,62,100.00000000000001,-0.8501330454313055
1603885640.4771483,3,-6,80,60,62,100.00000000000001,-0.6376202550928943
1603885640.6961796,3,-8,79,60,62,100.00000000000001,-0.8501330454313055
1603885640.8951075,3,-8,79,60,62,100.00000000000001,-0.8501330454313055
1603885641.0850806,3,-8,79,60,62,100.00000000000001,-0.8501330454313055
1603885641.2752492,3,-8,79,60,62,100.00000000000001,-0.8501330454313055
1603885641.4954703,3,-8,79,60,61,101.6393442622951,-0.8501330454313055
1603885641.6984775,3,-8,79,60,62,100.00000000000001,-0.8501330454313055
1603885641.9106762,3,-8,79,60,62,100.00000000000001,-0.8501330454313055
1603885642.13581,3,-8,79,60,62,100.00000000000001,-0.8501330454313055
1603885642.3450997,3,-8,79,60,62,100.00000000000001,-0.8501330454313055
1603885642.555188,3,-8,79,60,62,100.00000000000001,-0.8501330454313055
1603885642.7742655,3,-8,79,60,62,100.00000000000001,-0.8501330454313055
1603885642.9926457,3,-8,79,60,61,101.6393442622951,-0.8501330454313055
1603885643.2085881,3,-8,79,60,62,100.00000000000001,-0.8501330454313055
1603885643.4106455,3,-8,79,60,62,100.00000000000001,-0.8501330454313055
1603885643.6444795,3,-8,79,60,62,100.00000000000001,-0.8501330454313055
1603885643.8506787,3,-8,79,60,61,101.6393442622951,-0.8501330454313055
1603885644.0830936,3,-8,79,60,61,101.6393442622951,-0.8501330454313055
1603885644.2855186,3,-8,79,60,62,100.00000000000001,-0.8501330454313055
1603885644.4907126,3,-8,79,60,62,100.00000000000001,-0.8501330454313055
1603885644.6971,3,-8,79,60,62,100.00000000000001,-0.8501330454313055
1603885644.9248023,3,-8,79,60,62,100.00000000000001,-0.8501330454313055
1603885645.120631,3,-9,79,61,62,100.00000000000001,-0.9563810345917811
1603885645.3378415,3,-8,79,60,62,100.00000000000001,-0.8501330454313055
1603885645.5514505,3,-8,79,60,62,100.00000000000001,-0.8501330454313055
1603885645.7740033,3,-8,79,60,61,101.6393442622951,-0.8501330454313055
1603885645.9878817,3,-8,79,60,61,101.6393442622951,-0.8501330454313055
1603885646.1861494,3,-8,79,60,62,100.00000000000001,-0.8501330454313055
1603885646.4269657,3,-8,79,60,62,100.00000000000001,-0.8501330454313055
1603885646.673062,3,-8,79,60,62,100.00000000000001,-0.8501330454313055
1603885646.908073,3,-8,79,60,61,101.6393442622951,-0.8501330454313055
1603885647.1505992,3,-8,79,60,61,101.6393442622951,-0.8501330454313055
1603885647.385288,3,-8,79,60,62,100.00000000000001,-0.8501330454313055
1603885647.6141129,3,-8,79,60,62,100.00000000000001,-0.8501330454313055
1603885647.837939,3,-8,79,60,61,101.6393442622951,-0.8501330454313055
1603885648.0730171,3,-8,79,60,62,100.00000000000001,-0.8501330454313055
1603885648.2877731,3,-8,79,60,62,100.00000000000001,-0.8501330454313055
1603885648.5204415,3,-8,79,60,62,100.00000000000001,-0.8501330454313055
1603885648.7396286,3,-8,79,60,62,100.00000000000001,-0.8501330454313055
1603885648.9392784,3,-8,79,60,62,100.00000000000001,-0.8501330454313055
1603885649.1654618,3,-8,79,60,62,100.00000000000001,-0.8501330454313055
1603885649.3973947,3,-8,79,60,62,100.00000000000001,-0.8501330454313055
1603885649.66409,3,-8,79,60,62,100.00000000000001,-0.8501330454313055
1603885649.893754,3,-8,79,60,62,100.00000000000001,-0.8501330454313055
1603885650.1112835,3,-8,79,60,62,100.00000000000001,-0.8501330454313055
1603885650.321692,3,-8,79,60,62,100.00000000000001,-0.8501330454313055
1603885650.5514257,3,-8,79,60,62,100.00000000000001,-0.8501330454313055
1603885650.7460806,3,-8,79,60,62,100.00000000000001,-0.8501330454313055
1603885650.9588826,3,-8,79,60,62,100.00000000000001,-0.8501330454313055
1603885651.1628625,3,-8,79,60,62,100.00000000000001,-0.8501330454313055
1603885651.369961,3,-9,79,61,62,100.00000000000001,-0.9563810345917811
1603885651.5973845,3,-8,79,60,62,100.00000000000001,-0.8501330454313055
1603885651.8098323,3,-8,79,60,62,100.00000000000001,-0.8501330454313055
1603885652.0223193,3,-8,79,60,62,100.00000000000001,-0.8501330454313055
1603885652.2423,3,-8,79,60,62,100.00000000000001,-0.8501330454313055
1603885652.4562511,3,-8,79,60,62,100.00000000000001,-0.8501330454313055
1603885652.6527698,3,-8,79,60,62,100.00000000000001,-0.8501330454313055
1603885652.8673003,3,-8,79,60,62,100.00000000000001,-0.8501330454313055
1603885653.095214,3,-8,79,60,62,100.00000000000001,-0.8501330454313055
1603885653.3290925,3,-8,79,60,61,101.6393442622951,-0.8501330454313055
1603885653.532553,3,-8,79,60,62,100.00000000000001,-0.8501330454313055
1603885653.7419953,3,-8,79,60,62,100.00000000000001,-0.8501330454313055
1603885653.962658,3,-8,79,60,62,100.00000000000001,-0.8501330454313055
1603885654.1754751,3,-8,79,60,62,100.00000000000001,-0.8501330454313055
1603885654.3930492,3,-8,79,60,62,100.00000000000001,-0.8501330454313055
1603885654.5878148,3,-8,79,60,62,100.00000000000001,-0.8501330454313055
1603885654.7928464,3,-8,79,60,62,100.00000000000001,-0.8501330454313055
1603885655.0076287,3,-8,79,60,62,100.00000000000001,-0.8501330454313055
1603885655.2115824,3,-8,79,60,62,100.00000000000001,-0.8501330454313055
1603885655.4284184,3,-8,79,60,62,100.00000000000001,-0.8501330454313055
1603885655.6225095,3,-8,79,60,62,100.00000000000001,-0.8501330454313055
1603885655.840033,3,-8,79,60,61,101.6393442622951,-0.8501330454313055
1603885656.0678618,3,-8,79,60,62,100.00000000000001,-0.8501330454313055
1603885656.2651036,3,-8,79,60,62,100.00000000000001,-0.8501330454313055
1603885656.4901066,3,-9,79,61,61,101.6393442622951,-0.9563810345917811
1603885656.7098587,3,-8,79,60,62,100.00000000000001,-0.8501330454313055
1603885656.9282806,3,-8,79,60,62,100.00000000000001,-0.8501330454313055
1603885657.1429968,3,-8,79,60,62,100.00000000000001,-0.8501330454313055
1603885657.3339517,3,-8,79,60,62,100.00000000000001,-0.8501330454313055
1603885657.5494735,3,-8,79,60,62,100.00000000000001,-0.8501330454313055
1603885657.757084,3,-8,79,60,62,100.00000000000001,-0.8501330454313055
1603885658.0026677,3,-8,79,60,62,100.00000000000001,-0.8501330454313055
1603885658.2188525,3,-8,79,60,62,100.00000000000001,-0.8501330454313055
1603885658.4268184,3,-8,79,60,62,100.00000000000001,-0.8501330454313055
1603885658.643135,3,-8,79,60,62,100.00000000000001,-0.8501330454313055
1603885658.8447568,3,-9,79,61,62,100.00000000000001,-0.9563810345917811
1603885659.0561483,3,-10,78,60,61,101.6393442622951,-1.0626224461126088
1603885659.27664,3,-7,78,60,62,100.00000000000001,-0.74387920879624
1603885659.5048234,3,-10,80,60,62,100.00000000000001,-1.0626224461126088
1603885659.7222736,3,-7,86,58,61,101.6393442622951,-0.74387920879624
1603885659.9375203,3,-4,84,58,60,103.33333333333334,-0.425089919132221
1603885660.1447387,3,-12,84,59,62,100.00000000000001,-1.2750826169617748
1603885660.3635275,3,-15,83,58,60,103.33333333333334,-1.593705304019792
1603885660.8010025,3,-16,80,57,58,106.89655172413795,-1.6998919335324794
1603885661.0198708,3,-17,78,57,59,105.08474576271188,-1.806066883527694
1603885661.2383518,3,-19,76,57,59,105.08474576271188,-2.018378836856321
1603885661.458843,3,-18,77,58,57,108.77192982456143,-1.9122294268504203
1603885661.6781602,3,-18,77,58,59,105.08474576271188,-1.9122294268504203
1603885662.3368459,3,-18,77,58,59,105.08474576271188,-1.9122294268504203
1603885662.5530927,3,-18,77,58,59,105.08474576271188,-1.9122294268504203
1603885664.0672204,3,-18,77,58,59,105.08474576271188,-1.9122294268504203
1603885664.270705,3,-18,77,58,59,105.08474576271188,-1.9122294268504203
1603885664.684194,3,-18,77,58,59,105.08474576271188,-1.9122294268504203
1603885664.8978007,3,-18,77,58,59,105.08474576271188,-1.9122294268504203
1603885665.9556103,3,-18,77,58,59,105.08474576271188,-1.9122294268504203
1603885667.3107142,3,-18,77,58,59,105.08474576271188,-1.9122294268504203
1603885667.96636,3,-18,77,58,59,105.08474576271188,-1.9122294268504203
1603885668.7996206,3,-18,77,58,59,105.08474576271188,-1.9122294268504203
1603885669.8750756,3,-18,77,58,59,105.08474576271188,-1.9122294268504203
1603885670.9929576,3,-18,77,58,59,105.08474576271188,-1.9122294268504203
1603885671.2049983,3,-18,75,58,59,105.08474576271188,-1.9122294268504203
1603885671.6190953,3,-15,74,58,59,105.08474576271188,-1.593705304019792
1603885672.0505767,3,-15,78,56,58,106.89655172413795,-1.593705304019792
1603885672.4718475,3,-9,78,56,57,108.77192982456143,-0.9563810345917811
1603885672.7073069,3,-11,78,56,57,108.77192982456143,-1.1688565501000576
1603885672.927288,3,-7,79,55,56,110.71428571428574,-0.74387920879624
1603885673.1458972,3,-7,80,55,56,110.71428571428574,-0.74387920879624
1603885673.3665156,3,-7,78,54,57,108.77192982456143,-0.74387920879624
1603885673.6082149,3,-2,76,55,56,110.71428571428574,-0.212547884480388
1603885674.047443,3,-15,77,54,56,110.71428571428574,-1.593705304019792
1603885674.471068,3,-18,76,55,56,110.71428571428574,-1.9122294268504203
1603885674.9046311,3,-18,76,54,55,112.72727272727275,-1.9122294268504203
1603885675.117522,3,-18,77,54,56,110.71428571428574,-1.9122294268504203
1603885675.3377573,3,-18,77,55,56,110.71428571428574,-1.9122294268504203
1603885675.5641897,3,-18,77,55,56,110.71428571428574,-1.9122294268504203
1603885676.0016186,3,-18,77,55,55,112.72727272727275,-1.9122294268504203
1603885676.2118776,3,-18,77,55,56,110.71428571428574,-1.9122294268504203
1603885676.6725736,3,-18,77,55,56,110.71428571428574,-1.9122294268504203
1603885677.3290803,3,-18,77,55,55,112.72727272727275,-1.9122294268504203
1603885677.5214179,3,-18,77,55,56,110.71428571428574,-1.9122294268504203
1603885677.7533693,3,-18,77,55,56,110.71428571428574,-1.9122294268504203
1603885677.9771202,3,-18,77,55,55,112.72727272727275,-1.9122294268504203
1603885678.216755,3,-18,77,55,56,110.71428571428574,-1.9122294268504203
1603885678.4623358,3,-18,77,55,55,112.72727272727275,-1.9122294268504203
1603885679.1807213,3,-18,77,55,55,112.72727272727275,-1.9122294268504203
1603885679.4009013,3,-18,77,55,56,110.71428571428574,-1.9122294268504203
1603885679.611505,3,-18,77,55,56,110.71428571428574,-1.9122294268504203
1603885679.8330638,3,-18,77,55,55,112.72727272727275,-1.9122294268504203
1603885680.27126,3,-18,77,55,55,112.72727272727275,-1.9122294268504203
1603885680.493866,3,-18,77,55,55,112.72727272727275,-1.9122294268504203
1603885680.9859812,3,-18,77,55,55,112.72727272727275,-1.9122294268504203
1603885681.1888647,3,-18,77,55,55,112.72727272727275,-1.9122294268504203
1603885681.3979988,3,-18,77,55,55,112.72727272727275,-1.9122294268504203
1603885681.5914874,3,-18,77,55,55,112.72727272727275,-1.9122294268504203
1603885682.2087998,3,-18,77,55,55,112.72727272727275,-1.9122294268504203
1603885682.4089594,3,-18,77,55,56,110.71428571428574,-1.9122294268504203
1603885682.6386688,3,-18,77,55,56,110.71428571428574,-1.9122294268504203
1603885682.843784,3,-18,77,55,56,110.71428571428574,-1.9122294268504203
1603885683.0532947,3,-18,77,55,55,112.72727272727275,-1.9122294268504203
1603885683.2532415,3,-18,77,55,56,110.71428571428574,-1.9122294268504203
1603885683.4651456,3,-18,77,55,55,112.72727272727275,-1.9122294268504203
1603885683.6918252,3,-18,77,55,55,112.72727272727275,-1.9122294268504203
1603885684.120966,3,-18,77,55,55,112.72727272727275,-1.9122294268504203
1603885684.3447387,3,-17,77,55,55,112.72727272727275,-1.806066883527694
1603885684.5690942,3,-14,82,54,56,110.71428571428574,-1.4875077226255586
1603885684.797635,3,-16,90,55,56,110.71428571428574,-1.6998919335324794
1603885685.0168715,3,-17,92,54,56,110.71428571428574,-1.806066883527694
1603885685.2247322,3,-15,92,54,55,112.72727272727275,-1.593705304019792
1603885685.8437898,3,-18,85,52,55,112.72727272727275,-1.9122294268504203
1603885686.2787728,3,-19,77,53,53,116.98113207547172,-2.018378836856321
1603885686.712499,3,-20,76,53,54,114.81481481481484,-2.124514387441452
1603885686.9367745,3,-20,76,53,54,114.81481481481484,-2.124514387441452
1603885687.1768854,3,-20,76,53,54,114.81481481481484,-2.124514387441452
1603885687.4129958,3,-20,76,53,53,116.98113207547172,-2.124514387441452
1603885687.6606834,3,-20,76,53,54,114.81481481481484,-2.124514387441452
1603885687.8907948,3,-20,76,53,54,114.81481481481484,-2.124514387441452
1603885688.110077,3,-20,76,53,54,114.81481481481484,-2.124514387441452
1603885688.3315618,3,-20,76,53,54,114.81481481481484,-2.124514387441452
1603885688.549152,3,-20,76,53,54,114.81481481481484,-2.124514387441452
1603885688.7573326,3,-20,76,53,53,116.98113207547172,-2.124514387441452
1603885688.9679325,3,-20,76,53,53,116.98113207547172,-2.124514387441452
1603885689.1945665,3,-20,76,53,53,116.98113207547172,-2.124514387441452
1603885689.4223819,3,-20,76,53,53,116.98113207547172,-2.124514387441452
1603885689.6424382,3,-20,76,53,54,114.81481481481484,-2.124514387441452
1603885689.8450007,3,-20,76,53,53,116.98113207547172,-2.124514387441452
1603885690.070734,3,-20,76,53,54,114.81481481481484,-2.124514387441452
1603885690.2793293,3,-20,76,53,54,114.81481481481484,-2.124514387441452
1603885690.5041783,3,-20,76,53,54,114.81481481481484,-2.124514387441452
1603885690.7340035,3,-20,76,53,53,116.98113207547172,-2.124514387441452
1603885690.954127,3,-20,76,53,54,114.81481481481484,-2.124514387441452
1603885691.1547704,3,-20,76,53,54,114.81481481481484,-2.124514387441452
1603885691.587416,3,-20,76,53,53,116.98113207547172,-2.124514387441452
1603885691.8147883,3,-20,76,53,54,114.81481481481484,-2.124514387441452
1603885692.0199857,3,-20,76,53,53,116.98113207547172,-2.124514387441452
1603885692.241842,3,-20,76,53,54,114.81481481481484,-2.124514387441452
1603885692.683197,3,-20,76,53,54,114.81481481481484,-2.124514387441452
1603885692.8986032,3,-20,76,53,54,114.81481481481484,-2.124514387441452
1603885693.1275384,3,-20,76,53,53,116.98113207547172,-2.124514387441452
1603885693.356937,3,-20,76,53,53,116.98113207547172,-2.124514387441452
1603885693.597135,3,-20,76,53,54,114.81481481481484,-2.124514387441452
1603885693.810864,3,-20,76,53,54,114.81481481481484,-2.124514387441452
1603885694.0524104,3,-20,76,53,53,116.98113207547172,-2.124514387441452
1603885694.268794,3,-20,76,53,53,116.98113207547172,-2.124514387441452
1603885694.492084,3,-20,76,53,54,114.81481481481484,-2.124514387441452
1603885694.7348423,3,-20,76,53,54,114.81481481481484,-2.124514387441452
1603885694.9527948,3,-20,76,53,53,116.98113207547172,-2.124514387441452
1603885695.1630774,3,-20,76,53,54,114.81481481481484,-2.124514387441452
1603885695.3939762,3,-20,76,53,54,114.81481481481484,-2.124514387441452
1603885695.6170113,3,-20,76,53,54,114.81481481481484,-2.124514387441452
1603885695.8144176,3,-20,76,53,54,114.81481481481484,-2.124514387441452
1603885696.0342388,3,-20,76,53,54,114.81481481481484,-2.124514387441452
1603885696.2429006,3,-20,76,53,54,114.81481481481484,-2.124514387441452
1603885696.4700692,3,-20,76,53,54,114.81481481481484,-2.124514387441452
1603885696.6907926,3,-20,76,53,53,116.98113207547172,-2.124514387441452
1603885697.1308422,3,-20,74,52,53,116.98113207547172,-2.124514387441452
1603885697.3624575,3,-22,76,52,53,116.98113207547172,-2.3367410088134952
1603885697.5815382,3,-20,78,51,52,119.23076923076925,-2.124514387441452
1603885699.676375,3,-5,73,50,51,121.56862745098042,-0.5313569149387267
1603885702.23343,3,-8,75,50,52,119.23076923076925,-0.8501330454313055
1603885703.0806963,3,-8,75,50,52,119.23076923076925,-0.8501330454313055
1603885703.503536,3,-8,75,50,52,119.23076923076925,-0.8501330454313055
1603885703.7072217,3,-8,75,50,52,119.23076923076925,-0.8501330454313055
1603885703.920758,3,-8,75,50,52,119.23076923076925,-0.8501330454313055
1603885704.1412008,3,-8,75,50,52,119.23076923076925,-0.8501330454313055
1603885705.6721773,3,-8,75,50,52,119.23076923076925,-0.8501330454313055
1603885706.310988,3,-8,75,50,52,119.23076923076925,-0.8501330454313055
1603885708.2398138,3,-3,74,50,52,119.23076923076925,-0.3188199986227441
