1603788726.10658383,0.04989800,-0.00744200,1.01687000,0.17056525,0.00602416,-0.10360000,0.03892000,0.39963000,-0.69161064,-1.19950307,-0.46258404
1603788726.16905379,0.04904400,-0.00719800,1.01821200,-0.10078449,0.03311119,0.03640000,-0.27608000,0.11963000,-0.69526454,-1.19701842,-0.45995323
1603788726.23048115,0.05063000,-0.00707600,1.01796800,-0.00760428,-0.03334792,-0.06860000,0.14392000,0.25963000,-0.69526454,-1.19701842,-0.45995323
1603788726.29184079,0.04880000,-0.00683200,1.01577200,0.09459157,0.11151228,-0.17360000,-0.17108000,0.01463000,-0.69482607,-1.19906460,-0.46009939
1603788726.35306883,0.05026400,-0.00756400,1.01735800,0.34913443,-0.14854677,-0.03360000,-0.45108000,0.15463000,-0.69482607,-1.19906460,-0.46009939
1603788726.41496015,0.04989800,-0.00683200,1.01662600,0.00346269,-0.01152297,-0.13860000,-0.17108000,0.29463000,-0.69394914,-1.19921076,-0.45425314
1603788726.47611523,0.04965400,-0.00744200,1.01845600,-0.02797797,-0.03197866,-0.10360000,-0.13608000,0.46963000,-0.69789535,-1.19847998,-0.46156095
1603788726.53727484,0.05014200,-0.00695400,1.01857800,0.01441226,-0.17294998,0.00140000,-0.34608000,0.15463000,-0.69789535,-1.19847998,-0.46156095
1603788726.59832621,0.05111800,-0.00780800,1.01601600,-0.04779857,-0.05455331,-0.03360000,-0.24108000,-0.02037000,-0.69409529,-1.20023385,-0.45439930
1603788726.65947461,0.05014200,-0.00500200,1.01650400,0.10861539,-0.18836490,-0.10360000,0.00392000,0.50463000,-0.69380298,-1.19657995,-0.45629933
1603788726.72073603,0.04953200,-0.00634400,1.01687000,0.10154896,-0.08722684,-0.03360000,-0.31108000,0.29463000,-0.69380298,-1.19657995,-0.45629933
1603788726.78185487,0.04904400,-0.00683200,1.01760200,0.00635765,0.05767793,0.10640000,-0.20608000,0.04963000,-0.69438761,-1.19584917,-0.45600702
1603788726.84369588,0.05075200,-0.00805200,1.01882200,-0.06215372,0.14017562,0.42140000,-0.52108000,-0.05537000,-0.69438761,-1.19584917,-0.45600702
1603788726.90601063,0.04928800,-0.00658800,1.01491800,0.01867600,0.08864738,0.45640000,-0.45108000,-0.23037000,-0.69570301,-1.19511839,-0.45746858
1603788726.96832561,0.05026400,-0.00646600,1.02016400,-0.08896247,0.21206981,0.00140000,-0.31108000,0.01463000,-0.69760304,-1.19190295,-0.45293774
1603788727.03054786,0.04977600,-0.00683200,1.01687000,0.10182526,-0.08444712,0.03640000,-0.62608000,-0.30037000,-0.69760304,-1.19190295,-0.45293774
1603788727.09265494,0.04965400,-0.00707600,1.01784600,0.12892022,0.00784758,-0.13860000,-0.20608000,0.43463000,-0.70096463,-1.19292605,-0.45688395
1603788727.15501094,0.05014200,-0.00695400,1.01601600,0.13455373,-0.20646321,-0.10360000,-0.10108000,0.32963000,-0.69263373,-1.20169541,-0.45849167
1603788727.21720195,0.04965400,-0.00768600,1.01699200,-0.11789962,0.01848352,0.38640000,-0.45108000,-0.12537000,-0.69263373,-1.20169541,-0.45849167
1603788727.28411245,0.05075200,-0.00780800,1.01748000,-0.04864392,-0.03949972,-0.41860000,0.14392000,0.57463000,-0.69877229,-1.19628764,-0.44855305
1603788727.34659433,0.05026400,-0.00695400,1.01601600,-0.00244305,-0.02502920,0.10640000,-0.48608000,0.01463000,-0.69877229,-1.19628764,-0.48596901
1603788727.40903974,0.05111800,-0.00719800,1.01528400,-0.01551941,-0.06832950,-0.41860000,-0.10108000,0.50463000,-0.69643379,-1.19628764,-0.45629933
1603788727.47118926,0.04904400,-0.00756400,1.01382000,-0.03681616,0.07883975,0.14140000,-0.38108000,0.08463000,-0.69044139,-1.19248758,-0.45352236
1603788727.53342223,0.05038600,-0.00573400,1.01784600,-0.02832270,0.24039757,0.10640000,-0.62608000,-0.19537000,-0.69044139,-1.19248758,-0.45352236
1603788727.59556103,0.05050800,-0.00744200,1.01565000,0.19795150,0.11505187,0.03640000,-0.27608000,0.01463000,-0.69614148,-1.20008769,-0.44986846
1603788727.65782046,0.04916600,-0.00780800,1.01601600,0.02124311,-0.03614446,-0.03360000,-0.13608000,-0.09037000,-0.69847998,-1.19555685,-0.45030693
1603788727.72005677,0.04892200,-0.00768600,1.01748000,-0.11591833,0.07047427,-0.10360000,-0.10108000,0.22463000,-0.69847998,-1.19555685,-0.45030693
1603788727.78218007,0.05099600,-0.00793000,1.01638200,-0.05175476,-0.07357228,-0.17360000,0.03892000,0.32963000,-0.69628764,-1.19964923,-0.45732242
1603788727.84453940,0.05014200,-0.00805200,1.01687000,-0.06509024,-0.02221666,0.28140000,-0.48608000,-0.19537000,-0.69731073,-1.19657995,-0.46872260
1603788727.90693974,0.05002000,-0.00683200,1.01687000,0.00810996,0.01562826,-0.10360000,-0.20608000,0.18963000,-0.69731073,-1.19657995,-0.46872260
1603788727.96907139,0.05063000,-0.00671000,1.01882200,0.01327152,0.01009264,-0.34860000,-0.03108000,0.46963000,-0.69950307,-1.19687226,-0.45703011
1603788728.03134489,0.04965400,-0.00732000,1.01809000,-0.02125856,-0.06724530,0.03640000,-0.20608000,0.29463000,-0.69950307,-1.19687226,-0.45703011
1603788728.09348488,0.04928800,-0.00561200,1.01845600,0.05422013,0.17342146,0.00140000,-0.10108000,0.22463000,-0.69424145,-1.19482607,-0.46273020
1603788728.15576839,0.05246000,-0.00683200,1.01931000,-0.00191716,-0.17963636,-0.13860000,-0.06608000,0.36463000,-0.69204911,-1.19745688,-0.45308389
1603788728.21806645,0.04953200,-0.00610000,1.01735800,0.01351758,0.08734159,0.10640000,-0.20608000,0.08463000,-0.69204911,-1.19745688,-0.45308389
1603788728.28016281,0.05063000,-0.00622200,1.01699200,0.12099208,-0.05155622,-0.20860000,-0.06608000,0.25963000,-0.69789535,-1.19716457,-0.45703011
1603788728.34245992,0.05038600,-0.00549000,1.01638200,0.08239189,-0.01189938,0.10640000,-0.34608000,0.04963000,-0.69847998,-1.19877229,-0.45936861
1603788728.40483785,0.04928800,-0.00744200,1.01504000,-0.02483087,0.06438116,0.00140000,-0.24108000,0.22463000,-0.69847998,-1.19877229,-0.45936861
1603788728.46710539,0.05002000,-0.00732000,1.01711400,-0.02167687,-0.00145214,-0.10360000,-0.10108000,0.25963000,-0.69584917,-1.20228004,-0.45717626
1603788728.52939200,0.05099600,-0.00695400,1.01662600,-0.00127731,0.01090974,-0.34860000,0.07392000,0.46963000,-0.69584917,-1.20228004,-0.45717626
1603788728.59165859,0.04989800,-0.00902800,1.02419000,0.02202330,0.14052096,-0.13860000,0.17892000,0.71463000,-0.69087986,-1.19891844,-0.45586086
1603788728.65389848,0.04733600,-0.00744200,1.02199400,-0.04029936,0.27131049,0.03640000,-0.13608000,0.08463000,-0.69847998,-1.19818766,-0.45659164
1603788728.71613050,0.04867800,-0.00793000,1.01430800,0.05487090,0.00042765,-0.20860000,-0.06608000,0.18963000,-0.69847998,-1.19818766,-0.45659164
1603788728.78246760,0.04916600,-0.00658800,1.01784600,0.22663335,0.06687690,0.00140000,-0.27608000,0.25963000,-0.70111079,-1.19511839,-0.45206080
1603788728.84506822,0.04965400,-0.00719800,1.01504000,0.04418206,-0.00351205,0.24640000,-0.45108000,0.01463000,-0.69804151,-1.19862613,-0.44972230
1603788728.90753579,0.04965400,-0.00634400,1.01613800,0.03008243,-0.00555004,0.10640000,-0.34608000,0.04963000,-0.69804151,-1.19862613,-0.44972230
1603788728.96983552,0.04977600,-0.00793000,1.01687000,-0.06217118,-0.02650319,-0.48860000,0.10892000,0.67963000,-0.69482607,-1.19643379,-0.44972230
1603788729.03220677,0.04904400,-0.00671000,1.01772400,0.01285053,0.05503669,-0.24360000,-0.13608000,0.39963000,-0.69614148,-1.19657995,-0.45790704
1603788729.09456015,0.04953200,-0.00671000,1.01577200,0.01217197,-0.08754834,0.49140000,-0.69608000,-0.26537000,-0.69614148,-1.19657995,-0.45790704
1603788729.15686607,0.04916600,-0.00768600,1.01870000,-0.11015051,0.05772121,-0.03360000,-0.34608000,-0.09037000,-0.69541070,-1.19307220,-0.45717626
1603788729.21905160,0.04977600,-0.00780800,1.02065200,0.13708844,-0.06690267,-0.03360000,-0.62608000,-0.40537000,-0.69541070,-1.19307220,-0.45717626
1603788729.28120017,0.04916600,-0.00732000,1.01735800,-0.01140581,0.17897024,0.10640000,-0.27608000,0.88963000,-0.69336451,-1.19731073,-0.45366852
1603788729.34355092,0.04977600,-0.00671000,1.01735800,-0.19618640,0.12666678,-0.06860000,-0.17108000,0.22463000,-0.69935691,-1.19365683,-0.45191464
1603788729.40582633,0.04953200,-0.00793000,1.01699200,-0.08511108,0.01627914,0.14140000,-0.38108000,0.04963000,-0.69935691,-1.19365683,-0.45191464
1603788729.46814132,0.05063000,-0.00756400,1.01760200,-0.20920035,-0.04626495,-0.03360000,-0.13608000,0.15463000,-0.68839521,-1.19117217,-0.44665303
1603788729.53043866,0.04892200,-0.00671000,1.01760200,0.01253221,0.05958144,-0.06860000,-0.13608000,0.29463000,-0.69161064,-1.19628764,-0.44811459
1603788729.59265614,0.04977600,-0.00756400,1.01601600,-0.03586828,0.00924163,-0.03360000,-0.10108000,0.11963000,-0.69161064,-1.19628764,-0.44811459
1603788729.65505505,0.05099600,-0.00683200,1.01369800,0.00445712,0.07849710,0.21140000,-0.41608000,-0.09037000,-0.69570301,-1.19833382,-0.44811459
1603788729.71741867,0.05075200,-0.00768600,1.02053000,-0.04080910,-0.03303219,-0.06860000,-0.27608000,-0.19537000,-0.69570301,-1.19833382,-0.44811459
1603788729.77954626,0.04916600,-0.00768600,1.03370600,-0.06243862,0.25959647,-0.10360000,0.10892000,0.64463000,-0.69745688,-1.20213388,-0.46009939
1603788729.84191370,0.04977600,-0.00683200,1.01674800,-0.06842664,-0.21280157,0.07140000,-0.34608000,0.22463000,-0.69731073,-1.19950307,-0.45264543
1603788729.90439677,0.04867800,-0.00610000,1.01833400,0.09544767,-0.18946220,-0.06860000,-0.24108000,0.29463000,-0.69731073,-1.19950307,-0.45264543
1603788729.96675992,0.05050800,-0.00671000,1.01613800,-0.12800455,0.26316470,0.17640000,-0.45108000,-0.02037000,-0.69102602,-1.19102602,-0.45469161
1603788730.02913451,0.04941000,-0.00634400,1.01833400,-0.15412191,0.02251798,0.03640000,-0.27608000,0.22463000,-0.69409529,-1.19716457,-0.46141479
1603788730.09206390,0.05002000,-0.00622200,1.01735800,-0.04180310,0.00158625,-0.13860000,-0.10108000,0.22463000,-0.69409529,-1.19716457,-0.46141479
1603788730.15448999,0.05063000,-0.00707600,1.01613800,-0.23675530,-0.04625022,-0.06860000,-0.13608000,0.43463000,-0.69190295,-1.19482607,-0.45878398
1603788730.21685219,0.05099600,-0.00793000,1.01589400,-0.05865950,-0.07356957,0.00140000,-0.38108000,0.11963000,-0.69541070,-1.19102602,-0.45016077
1603788730.28330016,0.05014200,-0.00597800,1.01589400,0.05342487,-0.01171578,0.00140000,-0.10108000,0.18963000,-0.69541070,-1.19102602,-0.45016077
1603788730.34581375,0.04977600,-0.00585600,1.01552800,0.06016677,0.02846511,-0.06860000,-0.03108000,0.32963000,-0.69497223,-1.19497223,-0.45936861
1603788730.40832853,0.05063000,-0.00561200,1.01931000,0.07511685,-0.07067361,0.00140000,-0.13608000,0.18963000,-0.69497223,-1.19497223,-0.45936861
1603788730.47066045,0.04965400,-0.00646600,1.01784600,-0.22034678,0.12397994,-0.06860000,0.07392000,0.71463000,-0.69292605,-1.19614148,-0.45133002
1603788730.53302121,0.04989800,-0.00756400,1.01943200,0.08199871,-0.05665194,-0.10360000,-0.55608000,-0.40537000,-0.70447238,-1.19541070,-0.46404560
1603788730.59538555,0.05014200,-0.00719800,1.01760200,-0.04330848,0.14332261,0.03640000,-0.20608000,-0.12537000,-0.70447238,-1.19541070,-0.46404560
1603788730.65796852,0.04965400,-0.00780800,1.01674800,-0.01007053,-0.11320052,-0.17360000,-0.13608000,0.39963000,-0.69614148,-1.19921076,-0.46258404
1603788730.72030497,0.05026400,-0.00841800,1.01516200,0.00586136,-0.11079263,-0.10360000,-0.17108000,0.32963000,-0.69877229,-1.19409529,-0.45966092
1603788730.78257990,0.05063000,-0.00695400,1.01565000,0.10119063,-0.04260843,0.00140000,-0.13608000,0.36463000,-0.69877229,-1.19409529,-0.45966092
1603788730.84497142,0.04855600,-0.00671000,1.01833400,0.10067565,0.06961155,0.07140000,-0.24108000,0.08463000,-0.69570301,-1.19701842,-0.45936861
1603788730.90742159,0.05087400,-0.00756400,1.01711400,-0.03548866,-0.05012100,-0.03360000,-0.10108000,0.18963000,-0.69570301,-1.19716457,-0.45951476
1603788730.96973395,0.04977600,-0.00683200,1.01516200,0.00448179,0.00282448,-0.27860000,-0.03108000,0.53963000,-0.69131833,-1.19716457,-0.45951476
1603788731.03209090,0.04989800,-0.00646600,1.01894400,0.02700297,0.06517463,0.00140000,-0.10108000,0.18963000,-0.69292605,-1.19804151,-0.46141479
1603788731.09455276,0.05014200,-0.00561200,1.01638200,0.07419455,-0.01722771,-0.41860000,0.10892000,0.39963000,-0.69292605,-1.19804151,-0.46141479
1603788731.15693521,0.04989800,-0.01085800,1.01857800,-0.21996925,0.24917023,0.07140000,-0.38108000,-0.16037000,-0.69087986,-1.19716457,-0.45439930
1603788731.21934414,0.05002000,-0.00744200,1.01186800,0.17628525,-0.05742391,-0.03360000,-0.13608000,0.29463000,-0.69526454,-1.19745688,-0.45703011
1603788731.28160501,0.05014200,-0.00671000,1.01504000,0.03048106,0.11529874,0.07140000,-0.17108000,-0.09037000,-0.69526454,-1.19745688,-0.45703011
1603788731.34400105,0.05038600,-0.00622200,1.01662600,-0.00685391,-0.13763454,0.07140000,-0.31108000,-0.02037000,-0.69818766,-1.19628764,-0.45118386
1603788731.40636849,0.04928800,-0.00622200,1.01674800,-0.16414699,0.13037670,0.31640000,-0.45108000,-0.05537000,-0.69599532,-1.19789535,-0.45849167
1603788731.46864462,0.05026400,-0.00768600,1.01687000,-0.13778518,-0.01207057,-0.03360000,-0.24108000,0.18963000,-0.69599532,-1.19789535,-0.45849167
1603788731.53103089,0.05124000,-0.00683200,1.01650400,-0.08684664,-0.09084943,-0.20860000,0.03892000,0.46963000,-0.69877229,-1.19307220,-0.45249927
1603788731.59321356,0.04989800,-0.00610000,1.01674800,0.04695986,0.00538143,-0.24360000,-0.10108000,0.25963000,-0.69877229,-1.19307220,-0.45249927
1603788731.65558219,0.04989800,-0.00683200,1.01565000,0.00522351,0.00135261,0.24640000,-0.41608000,-0.16037000,-0.69979538,-1.19731073,-0.45074540
1603788731.71800709,0.04941000,-0.00683200,1.01723600,0.00578252,0.12913333,-0.20860000,-0.06608000,0.25963000,-0.69774920,-1.19190295,-0.45834551
1603788731.78443956,0.05002000,-0.00768600,1.01406400,-0.10551572,-0.03050158,-0.06860000,-0.48608000,-0.23037000,-0.69774920,-1.19190295,-0.45834551
1603788731.84706569,0.04916600,-0.00622200,1.01430800,-0.04347438,0.02515372,0.07140000,-0.24108000,0.08463000,-0.69321836,-1.19102602,-0.45001462
1603788731.90953803,0.05026400,-0.00622200,1.01638200,0.05901002,0.03941521,0.00140000,-0.27608000,0.29463000,-0.69716457,-1.19950307,-0.45907629
1603788731.97200441,0.05038600,-0.00719800,1.01748000,0.02409681,-0.03290620,-0.17360000,-0.10108000,0.36463000,-0.69716457,-1.19950307,-0.45907629
1603788732.03448749,0.05050800,-0.00732000,1.01699200,-0.02019931,0.28937450,0.10640000,-0.31108000,-0.16037000,-0.69365683,-1.19687226,-0.46316866
1603788732.09684443,0.05038600,-0.00646600,1.01687000,-0.00376504,-0.04151575,0.07140000,-0.27608000,0.11963000,-0.68824905,-1.20067232,-0.45498392
1603788732.15927839,0.04806800,-0.00744200,1.01809000,-0.23197491,0.11931197,0.00140000,-0.20608000,0.15463000,-0.68824905,-1.20067232,-0.45498392
1603788732.22161841,0.04953200,-0.00768600,1.01589400,-0.04315988,0.02029157,-0.20860000,0.00392000,0.43463000,-0.69438761,-1.20038001,-0.45191464
1603788732.28382421,0.05050800,-0.00707600,1.01589400,-0.00803508,-0.02956014,0.07140000,-0.41608000,0.08463000,-0.69438761,-1.20038001,-0.45191464
1603788732.34614921,0.05014200,-0.00622200,1.01565000,0.03962191,-0.09476968,0.49140000,-0.52108000,-0.30037000,-0.69482607,-1.20008769,-0.46287635
1603788732.40852594,0.04928800,-0.00902800,1.02065200,-0.11606195,0.12448341,-0.27860000,-0.17108000,0.36463000,-0.69453376,-1.19774920,-0.45688395
1603788732.47072935,0.04953200,-0.00707600,1.01284400,0.05245028,-0.14411719,0.03640000,-0.38108000,-0.19537000,-0.69453376,-1.19774920,-0.45688395
1603788732.53307629,0.05172800,-0.00732000,1.01772400,0.18438249,-0.09573856,-0.03360000,-0.31108000,0.32963000,-0.69584917,-1.19497223,-0.45249927
1603788732.59531569,0.05087400,-0.00732000,1.01601600,-0.11409073,0.24345087,0.00140000,-0.13608000,-0.05537000,-0.69234142,-1.19599532,-0.45542239
1603788732.65771532,0.05050800,-0.00805200,1.01577200,-0.01449844,-0.06793724,-0.06860000,-0.13608000,0.08463000,-0.69234142,-1.19599532,-0.45542239
1603788732.72025919,0.04941000,-0.00512400,1.01601600,-0.06320796,0.20270504,-0.06860000,-0.13608000,0.08463000,-0.69672610,-1.19979538,-0.45118386
1603788732.78246140,0.05002000,-0.00732000,1.01882200,-0.04976372,-0.00549351,0.14140000,-0.55608000,0.04963000,-0.69672610,-1.19979538,-0.45118386
1603788732.84478283,0.04953200,-0.00805200,1.01613800,-0.06450232,0.01593472,-0.17360000,-0.06608000,0.32963000,-0.69643379,-1.19833382,-0.45498392
1603788732.90707183,0.04867800,-0.00756400,1.01687000,-0.03512630,0.07593770,0.31640000,-0.34608000,-0.02037000,-0.69511839,-1.19935691,-0.45922245
1603788732.96943736,0.04953200,-0.00671000,1.01784600,0.01290439,0.02796160,-0.27860000,0.00392000,0.43463000,-0.69511839,-1.19935691,-0.45922245
1603788733.03190041,0.05038600,-0.00805200,1.01711400,-0.06284075,-0.04942459,-0.03360000,-0.17108000,0.11963000,-0.69789535,-1.20330313,-0.44811459
1603788733.09416866,0.04953200,-0.00427000,1.01784600,0.15013199,-0.17757488,0.03640000,-0.27608000,0.01463000,-0.69467992,-1.19994154,-0.45893014
1603788733.15652537,0.05087400,-0.00719800,1.02199400,-0.05379013,-0.19267498,0.07140000,-0.66108000,-0.51037000,-0.69467992,-1.19994154,-0.45893014
1603788733.21886253,0.05124000,-0.00732000,1.01516200,-0.05231436,0.13734622,-0.06860000,-0.17108000,-0.19537000,-0.69541070,-1.19994154,-0.45337621
1603788733.28534079,0.05124000,-0.00732000,1.01674800,0.05868479,-0.08085483,-0.17360000,-0.03108000,0.39963000,-0.69672610,-1.20111079,-0.45542239
1603788733.34806180,0.05063000,-0.00817400,1.01711400,-0.10702398,-0.01368656,0.24640000,-0.41608000,-0.09037000,-0.69672610,-1.20111079,-0.45542239
1603788733.41055322,0.05050800,-0.00658800,1.01613800,0.19700417,-0.04330206,-0.17360000,-0.13608000,0.22463000,-0.69672610,-1.19497223,-0.44840690
1603788733.47302723,0.05063000,-0.00780800,1.01809000,-0.00276625,-0.04807425,0.03640000,-0.24108000,0.15463000,-0.69672610,-1.19497223,-0.44840690
1603788733.53539991,0.05026400,-0.00683200,1.01674800,0.00398095,-0.02844700,-0.17360000,-0.03108000,0.22463000,-0.69745688,-1.19541070,-0.44913768
1603788733.59770274,0.05038600,-0.00719800,1.01784600,-0.01768500,-0.04219964,-0.27860000,0.07392000,0.43463000,-0.69307220,-1.19906460,-0.45629933
1603788733.66011262,0.05136200,-0.00732000,1.01601600,-0.02210616,-0.04566667,0.10640000,-0.27608000,0.11963000,-0.69307220,-1.19906460,-0.45629933
1603788733.72240353,0.04989800,-0.00707600,1.02077400,-0.00652523,0.00862102,-0.34860000,-0.03108000,0.50463000,-0.69351067,-1.19365683,-0.45293774
1603788733.78464031,0.04916600,-0.00866200,1.01674800,-0.15230397,0.04559778,0.00140000,-0.20608000,0.15463000,-0.69438761,-1.19877229,-0.45396083
1603788733.84694028,0.04965400,-0.00683200,1.02309200,-0.09434591,0.03544752,-0.03360000,-0.34608000,0.50463000,-0.69438761,-1.19877229,-0.45396083
1603788733.90936518,0.05050800,-0.00707600,1.01626000,0.06676431,-0.09104834,0.14140000,-0.34608000,-0.09037000,-0.69760304,-1.19964923,-0.45527624
1603788733.97162271,0.04941000,-0.00597800,1.01626000,-0.25968297,0.22053223,-0.06860000,-0.34608000,0.11963000,-0.69760304,-1.19964923,-0.45527624
1603788734.03390789,0.04867800,-0.00744200,1.01491800,0.13409367,0.05142450,-0.17360000,-0.24108000,0.29463000,-0.69277989,-1.19789535,-0.45249927
1603788734.09612155,0.04941000,-0.00597800,1.01748000,0.05240137,0.02109763,-0.10360000,-0.03108000,0.39963000,-0.69818766,-1.19964923,-0.45337621
1603788734.15850234,0.05197200,-0.00683200,1.01613800,0.00219518,-0.13871790,0.00140000,-0.17108000,0.18963000,-0.69818766,-1.19964923,-0.45337621
1603788734.22086692,0.04892200,-0.00780800,1.01528400,-0.04994506,0.05530694,0.03640000,-0.24108000,0.22463000,-0.69365683,-1.19804151,-0.45586086
1603788734.28309321,0.05075200,-0.00695400,1.02126200,0.00044905,0.16702212,-0.03360000,-0.24108000,0.25963000,-0.69277989,-1.20432622,-0.45907629
1603788734.34537029,0.05050800,-0.00768600,1.01589400,0.22523825,-0.06666208,0.03640000,-0.34608000,-0.02037000,-0.69277989,-1.20432622,-0.45907629
1603788734.40766144,0.05099600,-0.00719800,1.02040800,0.05489340,0.06226970,0.03640000,-0.38108000,0.04963000,-0.69380298,-1.19701842,-0.45717626
1603788734.46993136,0.05099600,-0.00610000,1.01626000,-0.24393706,0.18117609,0.10640000,-0.31108000,0.11963000,-0.69643379,-1.19921076,-0.45001462
1603788734.53232670,0.04965400,-0.00719800,1.01748000,-0.07371473,0.35052390,0.00140000,-0.03108000,0.08463000,-0.69643379,-1.19921076,-0.45001462
1603788734.59454584,0.04977600,-0.00793000,1.01699200,0.03564786,0.03123566,-0.13860000,-0.24108000,0.29463000,-0.70023385,-1.19394914,-0.45966092
1603788734.65691590,0.05014200,-0.00756400,1.01638200,-0.01005390,-0.02326132,0.14140000,-0.24108000,0.01463000,-0.70023385,-1.19394914,-0.45966092
1603788734.71925282,0.04989800,-0.00817400,1.01491800,-0.07216004,-0.00945443,-0.17360000,-0.03108000,0.46963000,-0.69424145,-1.19614148,-0.45673780
1603788734.78656769,0.05087400,-0.00805200,1.01589400,-0.06589635,-0.06875409,-0.52360000,0.10892000,0.67963000,-0.69526454,-1.19950307,-0.45366852
1603788734.84905457,0.05075200,-0.00707600,1.01650400,-0.00860300,-0.04738648,0.14140000,-0.41608000,-0.02037000,-0.69526454,-1.19950307,-0.45366852
1603788734.91188264,0.04928800,-0.00634400,1.01662600,0.03184947,0.02899346,-0.06860000,-0.17108000,0.29463000,-0.69774920,-1.19818766,-0.45118386
1603788734.97417212,0.05038600,-0.00646600,1.01796800,0.02664935,0.08309594,-0.03360000,-0.13608000,0.32963000,-0.69394914,-1.19687226,-0.46419176
1603788735.03674960,0.05099600,-0.00634400,1.01430800,0.03225329,-0.02299501,-0.03360000,-0.34608000,0.15463000,-0.69394914,-1.19687226,-0.46419176
1603788735.09916854,0.05124000,-0.00927200,1.01906600,-0.13048421,-0.03023622,0.66640000,-0.66108000,-0.33537000,-0.69409529,-1.19847998,-0.45966092
1603788735.16147828,0.04855600,-0.00780800,1.01552800,-0.06358918,0.05597385,-0.03360000,0.14392000,0.46963000,-0.69161064,-1.19687226,-0.45907629
1603788735.22387528,0.05185000,-0.00707600,1.00430400,-0.01293369,-0.25943017,-0.06860000,-0.83608000,-0.61537000,-0.69161064,-1.19687226,-0.45907629
1603788735.28608108,0.04941000,-0.00744200,1.01577200,0.00543387,0.06479522,0.28140000,-0.31108000,-0.12537000,-0.69584917,-1.19643379,-0.46199942
1603788735.34847426,0.04904400,-0.00671000,1.01784600,-0.07349901,0.06499498,-0.03360000,-0.38108000,-0.37037000,-0.69584917,-1.19643379,-0.46199942
1603788735.41121721,0.04965400,-0.00597800,1.01613800,0.07406996,0.16740132,0.14140000,-0.27608000,-0.05537000,-0.69380298,-1.19657995,-0.46360713
1603788735.47336698,0.05063000,-0.00732000,1.01601600,-0.01014060,-0.05151788,0.03640000,-0.24108000,0.22463000,-0.69248758,-1.19599532,-0.45878398
1603788735.53569937,0.05111800,-0.00634400,1.01504000,0.03067255,-0.08398855,-0.17360000,-0.10108000,0.39963000,-0.69248758,-1.19599532,-0.45878398
1603788735.59793591,0.05099600,-0.00732000,1.01699200,-0.02234825,-0.06111484,0.07140000,-0.13608000,0.11963000,-0.69321836,-1.19438761,-0.45761473
1603788735.66026020,0.04953200,-0.00585600,1.01540600,0.06014670,-0.04054153,0.00140000,-0.31108000,0.11963000,-0.69584917,-1.19628764,-0.45308389
1603788735.72264147,0.05136200,-0.00780800,1.02004200,-0.04785865,-0.03438930,-0.17360000,-0.03108000,0.43463000,-0.69584917,-1.19628764,-0.45308389
1603788735.78486276,0.04941000,-0.00817400,1.01333200,-0.03710562,0.32533374,0.03640000,-0.03108000,0.25963000,-0.69804151,-1.20213388,-0.45059924
1603788735.84726548,0.04953200,-0.00780800,1.01870000,-0.23351472,0.07147061,0.07140000,-0.34608000,0.04963000,-0.69804151,-1.20213388,-0.45059924
1603788735.90960693,0.04867800,-0.00585600,1.01711400,-0.23555261,0.33071888,0.10640000,-0.27608000,-0.19537000,-0.69351067,-1.20096463,-0.45308389
1603788735.97181058,0.04867800,-0.00695400,1.01760200,0.10850372,-0.14828212,-0.10360000,-0.13608000,0.85463000,-0.69087986,-1.20023385,-0.45410699
1603788736.03416967,0.04941000,-0.00549000,1.01565000,-0.02855293,0.03282984,-0.52360000,-0.03108000,0.39963000,-0.69087986,-1.20023385,-0.45410699
1603788736.09642410,0.04806800,-0.00707600,1.01723600,-0.12443392,0.10958428,0.21140000,-0.41608000,0.04963000,-0.69321836,-1.19584917,-0.46506869
1603788736.15896726,0.04977600,-0.00695400,1.01601600,-0.00339748,-0.00428412,-0.06860000,-0.34608000,0.11963000,-0.69277989,-1.19351067,-0.45907629
1603788736.22132206,0.05014200,-0.00744200,1.01638200,-0.02898959,-0.01135021,-0.24360000,0.03892000,0.50463000,-0.69277989,-1.19351067,-0.45907629
1603788736.28869462,0.05136200,-0.00671000,1.01638200,0.00952494,-0.10095438,0.21140000,-0.55608000,-0.26537000,-0.69351067,-1.19921076,-0.45586086
1603788736.35123515,0.04989800,-0.00695400,1.01479600,-0.00197918,-0.00100810,0.07140000,-0.31108000,-0.02037000,-0.69307220,-1.19657995,-0.45147618
1603788736.41377497,0.04965400,-0.00658800,1.01626000,0.01916967,0.07851558,0.17640000,-0.41608000,-0.05537000,-0.69307220,-1.19657995,-0.45147618
1603788736.47604990,0.05099600,-0.00744200,1.01284400,-0.03025043,-0.15097175,0.38640000,-0.48608000,-0.19537000,-0.69438761,-1.19204911,-0.45366852
1603788736.53858423,0.05050800,-0.00707600,1.01040400,0.00321157,0.04198568,0.00140000,-0.69608000,-0.44037000,-0.69438761,-1.19204911,-0.45366852
1603788736.60085583,0.04965400,-0.00695400,1.02077400,-0.41019935,0.28895355,0.21140000,-0.27608000,0.18963000,-0.69731073,-1.19175680,-0.45323005
1603788736.66781831,0.04880000,-0.00805200,1.01540600,0.07328256,-0.15646048,0.00140000,-0.27608000,0.57463000,-0.69336451,-1.19073370,-0.45776089
1603788736.73528624,0.05063000,-0.00646600,1.01796800,-0.11053416,-0.02679813,0.07140000,-0.24108000,0.46963000,-0.69336451,-1.19073370,-0.45776089
1603788736.79829597,0.04916600,-0.00683200,1.01491800,-0.08211884,0.36964250,0.10640000,-0.38108000,0.50463000,-0.69555685,-1.19380298,-0.45849167
1603788736.86073256,0.04965400,-0.00634400,1.01760200,-0.08816555,-0.06408286,0.00140000,-0.31108000,-0.09037000,-0.69204911,-1.19804151,-0.46389944
1603788736.92394304,0.04965400,-0.00793000,1.01699200,-0.06976746,-0.02919663,-0.10360000,-0.13608000,0.67963000,-0.69204911,-1.19804151,-0.46389944
1603788736.98618412,0.04965400,-0.00707600,1.01821200,-0.11430964,-0.10359019,0.00140000,-0.38108000,0.22463000,-0.69599532,-1.19994154,-0.46141479
1603788737.04938054,0.05050800,-0.00768600,1.01650400,0.07401555,0.08438084,-0.20860000,-0.17108000,0.22463000,-0.69365683,-1.19687226,-0.45381467
1603788737.11241722,0.05099600,-0.00780800,1.00820800,0.01619642,0.11204238,-0.03360000,-0.45108000,-0.09037000,-0.69365683,-1.19687226,-0.45381467
1603788737.17506576,0.05063000,-0.00829600,1.01235600,0.09413640,-0.05807375,-0.13860000,-0.03108000,0.29463000,-0.68751827,-1.19526454,-0.45293774
1603788737.23811650,0.04941000,-0.00671000,1.01662600,-0.11623769,0.41809755,0.14140000,-0.27608000,0.53963000,-0.69555685,-1.20081847,-0.45673780
1603788737.30035925,0.05026400,-0.00817400,1.01589400,-0.21649190,0.27061963,-0.03360000,-0.24108000,-0.05537000,-0.69555685,-1.20081847,-0.45673780
1603788737.36344695,0.05075200,-0.00622200,1.01577200,0.10756885,0.21451860,0.00140000,-0.27608000,-0.02037000,-0.69190295,-1.19789535,-0.45323005
1603788737.42457366,0.04953200,-0.00683200,1.01699200,0.00581549,0.02629589,0.03640000,-0.31108000,0.01463000,-0.69190295,-1.19789535,-0.45323005
1603788737.48633575,0.04941000,-0.00671000,1.01479600,0.01180021,-0.06285198,-0.13860000,-0.31108000,0.18963000,-0.69482607,-1.19643379,-0.45922245
1603788737.54752111,0.04941000,-0.00719800,1.01796800,-0.02134183,0.02830643,-0.10360000,-0.03108000,0.29463000,-0.69365683,-1.19453376,-0.45454545
1603788737.60934973,0.04892200,-0.00854000,1.01613800,-0.09504261,0.03330624,-0.03360000,-0.27608000,0.08463000,-0.69365683,-1.19453376,-0.45454545
1603788737.67049718,0.05002000,-0.00634400,1.01589400,0.03203419,-0.01094196,-0.24360000,-0.13608000,0.50463000,-0.69570301,-1.19643379,-0.45746858
1603788737.73268962,0.05050800,-0.00817400,1.01772400,-0.06875976,-0.07096935,0.00140000,-0.10108000,0.15463000,-0.69424145,-1.19599532,-0.45293774
1603788737.79565382,0.04965400,-0.00658800,1.01772400,0.01972137,0.02077405,0.31640000,-0.41608000,-0.02037000,-0.69424145,-1.19599532,-0.45293774
1603788737.85690665,0.05038600,-0.00817400,1.02077400,-0.02703572,-0.01186521,-0.06860000,-0.03108000,0.46963000,-0.69760304,-1.19906460,-0.45819936
1603788737.91870785,0.04977600,-0.00549000,1.01674800,-0.35473567,0.06093810,0.03640000,-0.45108000,0.08463000,-0.69760304,-1.19906460,-0.45819936
1603788737.97985148,0.04977600,-0.00793000,1.01565000,-0.05760841,0.00217094,-0.13860000,-0.10108000,0.18963000,-0.69453376,-1.20038001,-0.46068401
1603788738.04152822,0.05148400,-0.00671000,1.01674800,0.01252704,-0.06419602,0.10640000,-0.31108000,-0.02037000,-0.69979538,-1.19351067,-0.45323005
1603788738.10390258,0.04831200,-0.00939400,1.02199400,-0.13589640,0.13484255,-0.52360000,0.07392000,0.57463000,-0.69979538,-1.19351067,-0.45323005
1603788738.16730928,0.04867800,-0.00878400,1.01540600,-0.10487105,-0.00614776,0.31640000,-0.48608000,-0.19537000,-0.69760304,-1.19891844,-0.45381467
1603788738.22968483,0.05038600,-0.00841800,1.01308800,-0.08528224,-0.12271161,-0.17360000,-0.27608000,0.15463000,-0.69789535,-1.19453376,-0.45396083
1603788738.29264259,0.04989800,-0.00585600,1.01613800,0.06038779,-0.05221239,-0.13860000,-0.13608000,0.22463000,-0.69789535,-1.19453376,-0.45396083
1603788738.35547662,0.05038600,-0.00695400,1.01857800,-0.00049883,-0.07271964,0.14140000,-0.31108000,-0.02037000,-0.70213388,-1.19628764,-0.45659164
1603788738.41796017,0.05087400,-0.00610000,1.01321000,0.04564068,-0.00542234,-0.13860000,-0.10108000,0.36463000,-0.70213388,-1.19628764,-0.45659164
1603788738.48090053,0.04880000,-0.00671000,1.01723600,0.01267212,0.04685975,-0.06860000,-0.06608000,0.50463000,-0.69979538,-1.19994154,-0.45279158
1603788738.54212713,0.05063000,-0.00622200,1.01626000,0.13580064,0.12491298,-0.17360000,0.00392000,0.11963000,-0.69409529,-1.19891844,-0.44899152
1603788738.60425258,0.05050800,-0.00719800,1.01687000,-0.03800713,-0.04633667,-0.24360000,-0.03108000,0.36463000,-0.69409529,-1.19891844,-0.44899152
1603788738.66545916,0.05099600,-0.00744200,1.01565000,-0.02912276,-0.06042283,0.03640000,-0.27608000,0.29463000,-0.69365683,-1.19511839,-0.44577609
1603788738.72739601,0.04843400,-0.00475800,1.01748000,0.12259229,-0.13068215,-0.06860000,-0.38108000,-0.02037000,-0.69497223,-1.19818766,-0.45001462
1603788738.78856778,0.04794600,-0.00707600,1.01845600,-0.07308138,-0.01437276,0.14140000,-0.31108000,0.18963000,-0.69497223,-1.19818766,-0.45001462
1603788738.85020828,0.04843400,-0.00732000,1.01821200,-0.03318247,0.05764319,-0.17360000,-0.27608000,0.25963000,-0.69146448,-1.19818766,-0.45586086
1603788738.91158509,0.04880000,-0.00756400,1.01650400,-0.03568403,0.06546807,0.31640000,-0.66108000,-0.09037000,-0.69146448,-1.19818766,-0.45586086
1603788738.97301626,0.04977600,-0.00683200,1.02004200,0.07527890,0.17067760,-0.06860000,-0.20608000,0.29463000,-0.69570301,-1.19555685,-0.44621456
1603788739.03443503,0.04989800,-0.00671000,1.01613800,-0.10029127,-0.01250531,-0.10360000,-0.24108000,0.22463000,-0.69380298,-1.19906460,-0.44650687
1603788739.09551096,0.04977600,-0.00756400,1.01674800,-0.03556231,0.01125750,-0.13860000,-0.03108000,0.32963000,-0.69380298,-1.19906460,-0.44650687
1603788739.15708923,0.04916600,-0.00854000,1.01223400,-0.09266735,0.08836141,-0.06860000,-0.45108000,-0.23037000,-0.69657995,-1.20359544,-0.44709149
1603788739.21942163,0.05014200,-0.00536800,1.00942800,-0.10788968,0.20517353,0.00140000,-0.10108000,0.36463000,-0.70344928,-1.19994154,-0.44007600
1603788739.28168392,0.04867800,-0.00671000,1.01077000,0.15532605,-0.02604189,-0.17360000,-0.38108000,-0.12537000,-0.70344928,-1.19994154,-0.44007600
1603788739.34426641,0.04941000,-0.00683200,1.01674800,-0.02879133,-0.00313637,-0.20860000,0.03892000,0.29463000,-0.69994154,-1.19599532,-0.44957615
1603788739.40688324,0.04953200,-0.00732000,1.01845600,0.21790117,-0.26766531,-0.27860000,0.03892000,0.39963000,-0.69994154,-1.19599532,-0.44957615
1603788739.46942353,0.04843400,-0.00695400,1.01711400,-0.06383684,-0.14526556,-0.24360000,-0.27608000,0.04963000,-0.69745688,-1.19760304,-0.45176849
1603788739.53179622,0.05075200,-0.00719800,1.01796800,0.01656930,-0.06535394,-0.13860000,0.00392000,0.25963000,-0.69847998,-1.19614148,-0.45688395
1603788739.59408903,0.04965400,-0.00707600,1.01662600,0.05216165,0.00530140,-0.20860000,-0.06608000,0.18963000,-0.69847998,-1.19614148,-0.45688395
1603788739.65642786,0.05075200,-0.00707600,1.01626000,-0.00722186,-0.03746829,-0.41860000,0.17892000,0.36463000,-0.69774920,-1.20169541,-0.45863783
1603788739.71884394,0.04880000,-0.00732000,1.01748000,-0.02244145,0.06216585,0.28140000,-0.34608000,-0.09037000,-0.70228004,-1.19687226,-0.44329144
1603788739.78101754,0.05111800,-0.00719800,1.01601600,-0.01524963,-0.00449204,0.42140000,-0.73108000,-0.23037000,-0.70228004,-1.19687226,-0.44329144
1603788739.84330344,0.05050800,-0.00439200,1.01784600,0.14323503,0.00052273,-0.17360000,-0.13608000,0.29463000,-0.69380298,-1.19716457,-0.44665303
1603788739.90599251,0.04904400,-0.00622200,1.01418600,0.03910022,-0.04396333,0.31640000,-0.38108000,-0.05537000,-0.69380298,-1.19716457,-0.48406899
1603788739.96836114,0.05111800,-0.00780800,1.01589400,0.06724712,-0.27934783,0.14140000,-0.94108000,-0.47537000,-0.69862613,-1.19935691,-0.45308389
1603788740.03077340,0.04953200,-0.00719800,1.01247800,0.12815400,-0.08323243,-0.17360000,-0.24108000,-0.02037000,-0.69731073,-1.19628764,-0.44972230
1603788740.09371686,0.05014200,-0.00646600,1.01418600,0.01861354,-0.51125830,-0.10360000,-0.45108000,-0.05537000,-0.69731073,-1.19628764,-0.44972230
1603788740.15611887,0.05087400,-0.00744200,1.01735800,-0.24441715,0.23382479,0.14140000,-0.48608000,-0.05537000,-0.69438761,-1.20228004,-0.45162233
1603788740.21854115,0.05063000,-0.00719800,1.01687000,-0.22454916,0.42271030,0.00140000,-0.38108000,0.29463000,-0.69701842,-1.19833382,-0.45644548
1603788740.28080893,0.05160600,-0.00610000,1.01577200,0.00500416,-0.03468260,-0.03360000,-0.17108000,0.22463000,-0.69701842,-1.19833382,-0.45644548
1603788740.34322786,0.05160600,-0.00695400,1.01711400,-0.08753394,-0.07394516,0.35140000,-0.48608000,-0.12537000,-0.69190295,-1.19467992,-0.45644548
1603788740.40591526,0.04928800,-0.00719800,1.01687000,-0.14224797,0.05525949,0.03640000,-0.24108000,0.04963000,-0.69584917,-1.19570301,-0.45761473
1603788740.46839404,0.05026400,-0.00719800,1.01723600,0.07370195,-0.02164509,0.03640000,-0.27608000,0.22463000,-0.69584917,-1.19570301,-0.45761473
1603788740.53080130,0.04916600,-0.00732000,1.01748000,-0.02322720,0.03622796,0.21140000,-0.45108000,0.08463000,-0.69204911,-1.19292605,-0.45454545
1603788740.59315419,0.04989800,-0.00561200,1.01674800,0.07651752,0.02408267,-0.20860000,0.10892000,0.36463000,-0.69204911,-1.19292605,-0.45454545
1603788740.65555859,0.05185000,-0.00646600,1.01589400,0.02596713,-0.10779352,0.24640000,-0.38108000,-0.02037000,-0.69234142,-1.19599532,-0.44752996
1603788740.71814466,0.05148400,-0.00793000,1.01589400,-0.05655118,0.05009872,-0.31360000,0.10892000,0.64463000,-0.69497223,-1.19219526,-0.45556855
1603788740.78055167,0.04989800,-0.00573400,1.01247800,0.06610952,-0.11764627,-0.80360000,0.59892000,0.92463000,-0.69497223,-1.19219526,-0.45556855
1603788740.84320974,0.05063000,-0.00854000,1.01113600,-0.09323127,0.18887301,0.56140000,-0.66108000,-0.33537000,-0.68839521,-1.19380298,-0.45323005
1603788740.90611672,0.05160600,-0.00719800,1.01516200,-0.01564117,0.14427461,-0.45360000,0.28392000,0.67963000,-0.69234142,-1.19365683,-0.45410699
1603788740.96853566,0.04867800,-0.00671000,1.02053000,0.08232211,-0.02623916,0.00140000,0.03892000,0.22463000,-0.69234142,-1.19365683,-0.45410699
1603788741.03096557,0.05026400,-0.00610000,1.01943200,0.04778146,-0.13187196,-0.06860000,-0.34608000,-0.05537000,-0.69482607,-1.19584917,-0.45688395
1603788741.09332633,0.05111800,-0.00622200,1.01626000,-0.08315075,-0.04085198,-0.17360000,-0.13608000,1.16963000,-0.69482607,-1.23326513,-0.46199942
1603788741.15578628,0.04977600,-0.00719800,1.01479600,0.12673409,0.01905107,-0.13860000,-0.06608000,0.11963000,-0.69219526,-1.19979538,-0.46199942
1603788741.21845937,0.04892200,-0.00805200,1.01406400,0.12864643,-0.16736759,-0.24360000,0.00392000,0.18963000,-0.69424145,-1.19453376,-0.45483777
1603788741.28099275,0.05026400,-0.00585600,1.01552800,-0.11369939,0.03124568,-0.13860000,-0.17108000,0.22463000,-0.69424145,-1.19453376,-0.45483777
1603788741.34337115,0.04904400,-0.00683200,1.01577200,0.01067205,0.03909575,-0.17360000,-0.13608000,0.36463000,-0.69190295,-1.19438761,-0.46039170
1603788741.40578270,0.05026400,-0.00744200,1.01723600,-0.07895469,0.01170431,-0.34860000,-0.06608000,0.39963000,-0.69497223,-1.19862613,-0.45746858
1603788741.46815276,0.04977600,-0.00780800,1.01589400,-0.05135609,-0.00189253,-0.10360000,-0.27608000,0.22463000,-0.69497223,-1.19862613,-0.45746858
1603788741.53072834,0.04892200,-0.00744200,1.01504000,-0.02997034,0.05099035,0.28140000,-0.31108000,-0.09037000,-0.69555685,-1.19438761,-0.44913768
1603788741.59318709,0.04989800,-0.00719800,1.01748000,-0.01695886,-0.00947509,0.07140000,-0.24108000,0.08463000,-0.69307220,-1.19482607,-0.45220696
1603788741.65558815,0.05050800,-0.00719800,1.01565000,-0.01538575,-0.03296755,-0.06860000,-0.24108000,0.11963000,-0.69307220,-1.19482607,-0.45220696
1603788741.71813941,0.05038600,-0.00671000,1.01735800,0.01269148,0.12945266,-0.17360000,-0.03108000,0.46963000,-0.69833382,-1.19950307,-0.45220696
1603788741.78044796,0.05038600,-0.00536800,1.01650400,0.08802208,-0.21578924,0.56140000,-0.66108000,-0.33537000,-0.69833382,-1.19950307,-0.45220696
1603788741.84275508,0.04928800,-0.00695400,1.01723600,-0.11084845,0.00577475,-0.03360000,-0.03108000,0.53963000,-0.69701842,-1.19672610,-0.45352236
1603788741.90543747,0.05136200,-0.00768600,1.02028600,0.00021375,-0.23871021,0.14140000,-0.27608000,0.04963000,-0.69570301,-1.19482607,-0.45191464
1603788741.96783185,0.05026400,-0.00780800,1.01784600,0.18440710,-0.09539041,0.00140000,0.03892000,0.22463000,-0.69570301,-1.19482607,-0.45191464
1603788742.03027010,0.04989800,-0.00622200,1.01699200,-0.16941239,0.19257973,0.00140000,-0.31108000,0.39963000,-0.69555685,-1.19497223,-0.45235311
1603788742.09265876,0.05087400,-0.00732000,1.01662600,-0.02910239,-0.11533925,-0.24360000,0.03892000,0.53963000,-0.69643379,-1.19541070,-0.45089155
1603788742.15506077,0.04953200,-0.00719800,1.01479600,-0.05014339,0.01962352,-0.06860000,-0.24108000,0.39963000,-0.69643379,-1.19541070,-0.45089155
1603788742.21740675,0.04965400,-0.00841800,1.01394200,-0.10606932,0.00772194,-0.06860000,-0.20608000,0.25963000,-0.69219526,-1.19657995,-0.45381467
1603788742.27971840,0.04953200,-0.00732000,1.01723600,-0.02692689,-0.00953016,-0.10360000,-0.17108000,0.22463000,-0.69219526,-1.19657995,-0.45425314
1603788742.34236813,0.05014200,-0.00768600,1.01601600,-0.03933643,0.01083238,0.31640000,-0.59108000,-0.23037000,-0.69365683,-1.19614148,-0.45425314
1603788742.40518951,0.04953200,-0.00573400,1.01613800,0.06931227,0.04121753,-0.03360000,-0.20608000,0.11963000,-0.69862613,-1.19833382,-0.45366852
1603788742.46755648,0.04965400,-0.00671000,1.01699200,0.01362697,0.02644754,-0.38360000,0.03892000,0.60963000,-0.69862613,-1.19833382,-0.45366852
1603788742.52994561,0.05038600,-0.00768600,1.01626000,-0.04260234,-0.07927734,-0.41860000,0.07392000,0.57463000,-0.69511839,-1.20154925,-0.45439930
1603788742.59218693,0.05038600,-0.00512400,1.01491800,0.10127388,-0.09688143,0.17640000,-0.52108000,0.04963000,-0.69380298,-1.19745688,-0.45366852
1603788742.65457439,0.05038600,-0.00671000,1.01455200,-0.15348790,0.06710976,0.07140000,-0.31108000,0.18963000,-0.69380298,-1.19745688,-0.45366852
1603788742.71695733,0.05111800,-0.00744200,1.00918400,0.09962079,-0.05121267,0.07140000,-0.52108000,-0.12537000,-0.69453376,-1.19921076,-0.45089155
1603788742.77922368,0.04867800,-0.00756400,1.01516200,0.03959497,-0.14317386,-0.03360000,0.00392000,0.57463000,-0.69453376,-1.19877229,-0.46185326
1603788742.84180140,0.04904400,-0.00744200,1.01833400,0.01879800,-0.15145422,0.03640000,-0.34608000,0.64463000,-0.69453376,-1.19877229,-0.46185326
1603788742.90458131,0.04989800,-0.00658800,1.01723600,0.03132957,-0.23761693,-0.24360000,-0.13608000,0.43463000,-0.69453376,-1.19628764,-0.45527624
1603788742.96694374,0.04989800,-0.00732000,1.01723600,-0.19502578,0.14865862,0.24640000,-0.59108000,-0.02037000,-0.69453376,-1.19628764,-0.45527624
1603788743.02927709,0.05099600,-0.00756400,1.01626000,0.08790683,-0.05873740,0.03640000,-0.24108000,0.11963000,-0.69248758,-1.20111079,-0.45059924
1603788743.09162354,0.04782400,-0.00744200,1.01833400,-0.17098993,0.13037982,0.03640000,-0.41608000,0.08463000,-0.69731073,-1.19584917,-0.44869921
1603788743.15394878,0.04892200,-0.00646600,1.01626000,0.02635109,0.06023687,-0.06860000,-0.06608000,0.11963000,-0.69731073,-1.19584917,-0.44869921
1603788743.21644831,0.05111800,-0.00732000,1.01687000,-0.02165482,-0.06315026,-0.45360000,0.10892000,0.67963000,-0.69307220,-1.19994154,-0.45323005
1603788743.27880168,0.05050800,-0.00634400,1.01870000,0.03379680,-0.02447411,0.24640000,-0.45108000,0.15463000,-0.69701842,-1.19351067,-0.44840690
1603788743.34119844,0.05014200,-0.00658800,1.01296600,0.01797683,0.03521220,0.35140000,-0.41608000,0.01463000,-0.69701842,-1.19351067,-0.44840690
1603788743.40341067,0.04965400,-0.00768600,1.01394200,0.11478332,-0.16843841,0.00140000,-0.10108000,0.25963000,-0.69424145,-1.19847998,-0.44738381
1603788743.46593070,0.04989800,-0.00719800,1.01772400,-0.08998113,-0.10935574,0.10640000,-0.10108000,0.39963000,-0.69424145,-1.19847998,-0.44738381
1603788743.53144026,0.05038600,-0.00646600,1.01882200,-0.14427705,-0.10618621,0.49140000,-0.52108000,-0.19537000,-0.69263373,-1.19774920,-0.45074540
1603788743.59642172,0.05172800,-0.00732000,1.00833000,-0.01831748,-0.06742865,-0.03360000,-0.66108000,-0.33537000,-0.68576440,-1.19175680,-0.45673780
1603788743.65897131,0.04941000,-0.00756400,1.02138400,-0.12946054,0.34496084,0.14140000,-0.48608000,-0.09037000,-0.68576440,-1.19175680,-0.45673780
1603788743.72143030,0.05026400,-0.00610000,1.01650400,0.21735319,0.04783657,-0.10360000,-0.17108000,-0.16037000,-0.69409529,-1.19877229,-0.44723765
1603788743.78375220,0.04916600,-0.00756400,1.01784600,0.11951929,-0.17147902,0.00140000,-0.34608000,-0.16037000,-0.69292605,-1.19657995,-0.45279158
1603788743.84682631,0.05014200,-0.00744200,1.01809000,0.04846025,-0.07812609,-0.06860000,-0.31108000,0.32963000,-0.69292605,-1.19657995,-0.45279158
1603788743.90924788,0.04855600,-0.00756400,1.01748000,-0.01571889,-0.05597183,-0.27860000,-0.10108000,0.32963000,-0.69716457,-1.20052616,-0.45059924
1603788743.97158670,0.05014200,-0.00597800,1.01662600,0.07894111,-0.04360838,-0.03360000,-0.31108000,0.22463000,-0.69731073,-1.20257235,-0.44782227
1603788744.03390408,0.04941000,-0.00793000,1.01552800,0.14239825,0.02543475,-0.10360000,-0.20608000,0.18963000,-0.69731073,-1.20257235,-0.44782227
1603788744.09622669,0.05099600,-0.00732000,1.01735800,-0.02190380,-0.05801467,-0.27860000,-0.06608000,0.60963000,-0.69175680,-1.20432622,-0.45103771
1603788744.15873384,0.05050800,-0.00805200,1.01699200,-0.06165954,-0.02138971,0.03640000,-0.24108000,0.29463000,-0.69175680,-1.20432622,-0.45103771
1603788744.22109699,0.05087400,-0.00817400,1.01601600,-0.07019992,-0.05251089,0.07140000,-0.34608000,-0.05537000,-0.69467992,-1.19365683,-0.45059924
1603788744.28331542,0.05111800,-0.00805200,1.01699200,-0.06291378,-0.00177402,0.14140000,-0.48608000,0.18963000,-0.69073370,-1.19789535,-0.44869921
1603788744.34563470,0.05087400,-0.00829600,1.01321000,-0.07835859,-0.06731394,0.00140000,-0.52108000,-0.12537000,-0.69073370,-1.19789535,-0.44869921
1603788744.40828753,0.04880000,-0.00780800,1.01723600,0.05389218,-0.09024678,-0.10360000,-0.24108000,-0.02037000,-0.69394914,-1.19818766,-0.45527624
1603788744.47054696,0.05063000,-0.00805200,1.01430800,0.08040223,0.09386923,0.03640000,0.00392000,0.39963000,-0.69555685,-1.19774920,-0.45191464
1603788744.53285027,0.04965400,-0.00683200,1.01674800,0.13753873,-0.05493629,-0.13860000,-0.24108000,0.92463000,-0.69555685,-1.19774920,-0.45191464
1603788744.59508419,0.05087400,-0.00732000,1.01638200,-0.04543728,-0.04978420,-0.13860000,-0.06608000,0.43463000,-0.69117217,-1.20081847,-0.44840690
1603788744.65752649,0.05087400,-0.00768600,1.01638200,0.03796341,-0.06705440,-0.10360000,-0.31108000,0.15463000,-0.69073370,-1.19906460,-0.45469161
1603788744.71996450,0.05136200,-0.00805200,1.01565000,-0.14925398,-0.09877940,-0.34860000,0.14392000,0.43463000,-0.69073370,-1.19906460,-0.45469161
1603788744.78217459,0.05099600,-0.00658800,1.01491800,0.01881299,-0.06181886,-0.03360000,-0.24108000,0.32963000,-0.69131833,-1.19570301,-0.45410699
1603788744.84446859,0.04989800,-0.00695400,1.01760200,-0.00472595,-0.02074087,-0.13860000,-0.20608000,0.32963000,-0.69131833,-1.19570301,-0.45410699
1603788744.90704346,0.05148400,-0.00597800,1.01577200,0.05340673,-0.08756138,0.24640000,-0.34608000,-0.09037000,-0.69891844,-1.19847998,-0.44855305
1603788744.96928048,0.04953200,-0.00915000,1.01589400,-0.12527946,0.06385563,-0.45360000,0.03892000,0.71463000,-0.69511839,-1.19628764,-0.45513008
1603788745.03172278,0.04965400,-0.00890600,1.01748000,-0.11071382,-0.02781822,0.24640000,-0.52108000,-0.09037000,-0.69511839,-1.19628764,-0.45513008
1603788745.09546685,0.04941000,-0.00646600,1.01479600,0.02491720,0.02177744,-0.13860000,-0.10108000,0.43463000,-0.69351067,-1.19847998,-0.44519146
1603788745.15805864,0.04916600,-0.00793000,1.01369800,-0.05751401,0.03724179,0.28140000,-0.59108000,-0.05537000,-0.69847998,-1.20286466,-0.44986846
1603788745.22045588,0.05160600,-0.00805200,1.01491800,-0.06385071,0.02683490,0.17640000,-0.45108000,-0.12537000,-0.69847998,-1.20286466,-0.44986846
1603788745.28269410,0.04928800,-0.00646600,1.01821200,0.02678091,-0.06006939,-0.59360000,0.17892000,0.81963000,-0.69277989,-1.20052616,-0.44051447
1603788745.34524655,0.05002000,-0.00622200,1.01918800,0.01342658,-0.05047630,-0.03360000,-0.17108000,0.36463000,-0.69277989,-1.20052616,-0.44051447
1603788745.40778399,0.04904400,-0.00658800,1.01369800,-0.05748495,-0.03842492,-0.06860000,-0.38108000,-0.19537000,-0.69058755,-1.19701842,-0.44826074
1603788745.47011542,0.05087400,-0.00646600,1.01613800,-0.04120194,0.05348918,-0.13860000,-0.17108000,-0.05537000,-0.69161064,-1.19877229,-0.44577609
1603788745.53248000,0.04941000,-0.00585600,1.01601600,-0.05748944,-0.16257913,-0.24360000,-0.20608000,0.57463000,-0.69161064,-1.19877229,-0.44577609
1603788745.59464979,0.04904400,-0.00622200,1.01735800,-0.03803759,0.03643755,-0.06860000,-0.17108000,0.15463000,-0.69351067,-1.20067232,-0.45644548
1603788745.65693069,0.05075200,-0.00646600,1.01577200,-0.07501206,-0.03301888,-0.24360000,-0.13608000,0.29463000,-0.69745688,-1.19877229,-0.44928384
1603788745.71926951,0.05014200,-0.00805200,1.01650400,-0.06361704,-0.01303170,-0.10360000,-0.31108000,0.15463000,-0.69745688,-1.19877229,-0.44928384
1603788745.78145885,0.05172800,-0.00695400,1.01577200,0.00002094,-0.08943585,0.14140000,-0.27608000,0.04963000,-0.69643379,-1.20184157,-0.45586086
1603788745.84379172,0.05038600,-0.00878400,1.01613800,-0.10452981,0.03019225,0.24640000,-0.41608000,-0.09037000,-0.69336451,-1.19950307,-0.45732242
1603788745.90631175,0.05050800,-0.00622200,1.01979800,0.04102942,-0.03510006,-0.03360000,-0.20608000,0.15463000,-0.69336451,-1.19950307,-0.45732242
1603788745.96860147,0.05063000,-0.00671000,1.02419000,-0.12124471,0.41302547,-0.03360000,-0.20608000,0.25963000,-0.69394914,-1.19847998,-0.44972230
1603788746.03093243,0.05038600,-0.00744200,1.01101400,0.12085281,-0.01155613,-0.03360000,-0.03108000,0.29463000,-0.69394914,-1.19847998,-0.44972230
1603788746.09309626,0.05038600,-0.00695400,1.01809000,-0.02044617,0.00011583,0.03640000,-0.34608000,0.32963000,-0.69307220,-1.19614148,-0.45586086
1603788746.15547419,0.05148400,-0.00707600,1.01650400,0.00344412,-0.09463110,-0.10360000,-0.20608000,-0.26537000,-0.69467992,-1.19497223,-0.44723765
1603788746.21782207,0.04892200,-0.00719800,1.01723600,0.01517902,0.02821277,-0.45360000,0.17892000,0.50463000,-0.69467992,-1.19497223,-0.44723765
1603788746.28006387,0.04989800,-0.00634400,1.01589400,-0.11850244,0.00140001,-0.03360000,-0.27608000,0.15463000,-0.69701842,-1.19570301,-0.45089155
1603788746.34260201,0.04916600,-0.00695400,1.01784600,-0.00068041,0.04951230,0.21140000,-0.24108000,0.01463000,-0.69862613,-1.19964923,-0.44899152
1603788746.40527821,0.05063000,-0.00610000,1.01638200,0.04573573,-0.04602611,0.00140000,-0.27608000,-0.02037000,-0.69862613,-1.19964923,-0.44899152
1603788746.46752334,0.04989800,-0.00744200,1.01723600,-0.03015252,-0.00539742,-0.45360000,0.28392000,0.71463000,-0.69307220,-1.19891844,-0.45600702
1603788746.52996325,0.05087400,-0.00780800,1.01504000,-0.04998503,-0.11708854,0.03640000,-0.24108000,0.22463000,-0.69307220,-1.19891844,-0.45600702
1603788746.59218001,0.05148400,-0.01024800,1.01406400,-0.18821106,0.14833521,-0.52360000,0.17892000,0.67963000,-0.69424145,-1.19921076,-0.45629933
1603788746.65459371,0.05014200,-0.00793000,1.00576800,-0.03320281,-0.16486126,-0.06860000,-0.38108000,0.08463000,-0.69774920,-1.20111079,-0.45162233
1603788746.71688986,0.05026400,-0.00793000,1.01089200,0.07246961,0.01570774,0.07140000,-0.41608000,0.01463000,-0.69774920,-1.20111079,-0.45162233
1603788746.77911472,0.05002000,-0.00646600,1.01577200,0.13137818,-0.13619859,-0.20860000,-0.20608000,0.15463000,-0.69614148,-1.20125694,-0.44840690
1603788746.84169292,0.04989800,-0.00585600,1.01540600,0.10661307,-0.20973598,0.00140000,-0.27608000,-0.16037000,-0.69526454,-1.19409529,-0.45863783
1603788746.90446734,0.04928800,-0.00841800,1.01430800,0.22512549,-0.24078166,-0.31360000,0.07392000,0.08463000,-0.69526454,-1.19409529,-0.45863783
1603788746.96692538,0.05026400,-0.00573400,1.01369800,0.07525357,0.12249158,-0.13860000,0.00392000,0.29463000,-0.69979538,-1.19526454,-0.45629933
1603788747.02931786,0.05026400,-0.00756400,1.01516200,-0.07882611,-0.02875833,0.03640000,-0.24108000,0.22463000,-0.69438761,-1.19497223,-0.45688395
1603788747.09158015,0.04977600,-0.00622200,1.01504000,-0.15758074,0.01934317,0.14140000,-0.31108000,0.04963000,-0.69438761,-1.19497223,-0.45688395
1603788747.15400600,0.04782400,-0.00683200,1.01735800,0.00347100,0.10606359,-0.48860000,0.17892000,0.67963000,-0.69117217,-1.19657995,-0.45893014
1603788747.21653461,0.05014200,-0.00744200,1.01760200,-0.02624627,0.00715537,0.24640000,-0.34608000,-0.16037000,-0.69117217,-1.19657995,-0.45893014
1603788747.27883673,0.05063000,-0.00732000,1.01723600,-0.02161541,-0.03538850,0.00140000,-0.34608000,0.11963000,-0.69672610,-1.19847998,-0.45732242
1603788747.34116530,0.04928800,-0.00658800,1.01626000,0.01921766,-0.07243864,0.21140000,-0.48608000,-0.23037000,-0.69555685,-1.19424145,-0.45513008
1603788747.40334463,0.04916600,-0.00780800,1.01296600,-0.03701695,-0.33639382,-0.03360000,-0.45108000,-0.05537000,-0.69555685,-1.19424145,-0.45513008
1603788747.46570444,0.05050800,-0.00671000,1.02138400,-0.25923478,0.10599140,0.00140000,-0.03108000,0.36463000,-0.69409529,-1.19292605,-0.45191464
1603788747.52816081,0.05050800,-0.00707600,1.01674800,-0.07467781,0.10590651,0.00140000,-0.24108000,-0.02037000,-0.69438761,-1.19584917,-0.45118386
1603788747.59038019,0.04904400,-0.00707600,1.01760200,-0.02091492,0.22324604,0.03640000,-0.17108000,-0.19537000,-0.69438761,-1.19584917,-0.45118386
1603788747.65270925,0.04880000,-0.00719800,1.01711400,-0.26435743,0.42699578,-0.13860000,-0.13608000,0.32963000,-0.69526454,-1.19979538,-0.45162233
1603788747.71539164,0.05002000,-0.00695400,1.01650400,-0.15066344,0.00599834,-0.20860000,0.10892000,0.39963000,-0.69526454,-1.19979538,-0.45162233
1603788747.77766562,0.05148400,-0.00780800,1.01528400,-0.04135965,-0.07782096,-0.17360000,-0.17108000,0.18963000,-0.69307220,-1.19541070,-0.45673780
1603788747.84003067,0.04941000,-0.00671000,1.01821200,0.01149854,0.02446477,-0.48860000,0.24892000,0.57463000,-0.69175680,-1.19321836,-0.46126863
1603788747.90221477,0.05002000,-0.00780800,1.01528400,-0.04992192,-0.00650818,0.07140000,-0.27608000,0.22463000,-0.69175680,-1.19321836,-0.46126863
1603788747.96454072,0.04880000,-0.00634400,1.01443000,0.03231124,-0.07076789,-0.10360000,-0.20608000,0.32963000,-0.69161064,-1.20067232,-0.45337621
1603788748.02687049,0.04953200,-0.00488000,1.00942800,0.11358366,-0.29223208,0.07140000,-0.27608000,0.08463000,-0.69555685,-1.19877229,-0.45030693
1603788748.08912444,0.04953200,-0.00744200,1.02040800,-0.01342791,-0.21784842,0.10640000,-0.62608000,-0.33537000,-0.69555685,-1.19877229,-0.45030693
1603788748.15145612,0.05014200,-0.00805200,1.01687000,0.10630745,-0.08821038,-0.06860000,0.14392000,0.67963000,-0.69555685,-1.19190295,-0.44942999
1603788748.21386957,0.04965400,-0.00817400,1.01613800,0.30721621,-0.22902005,-0.13860000,-0.06608000,0.04963000,-0.69555685,-1.19190295,-0.45235311
1603788748.27611399,0.04904400,-0.00732000,1.01528400,0.21168784,-0.33162540,-0.06860000,-0.06608000,0.18963000,-0.69161064,-1.19789535,-0.45235311
1603788748.33881807,0.05002000,-0.00744200,1.01687000,0.29355724,-0.25834511,0.00140000,-0.06608000,0.25963000,-0.69351067,-1.19584917,-0.45527624
1603788748.40130424,0.05050800,-0.00732000,1.01735800,-0.09059068,-0.03055081,-0.13860000,-0.17108000,0.43463000,-0.69351067,-1.19584917,-0.45527624
1603788748.46366835,0.04953200,-0.00610000,1.01662600,-0.19419079,0.02169731,-0.20860000,-0.17108000,0.22463000,-0.69248758,-1.19745688,-0.45673780
1603788748.52599335,0.04819000,-0.00695400,1.01699200,-0.00234057,0.09291295,-0.34860000,0.00392000,0.53963000,-0.69131833,-1.19833382,-0.45586086
1603788748.58825803,0.04892200,-0.00719800,1.01613800,-0.01522235,0.05760947,0.00140000,-0.17108000,0.08463000,-0.69131833,-1.19833382,-0.45586086
1603788748.65070057,0.04892200,-0.00695400,1.01613800,-0.00148978,0.08505751,-0.03360000,-0.24108000,0.04963000,-0.69292605,-1.19307220,-0.44694534
1603788748.71340585,0.04965400,-0.00976000,1.01687000,-0.15912344,0.08708058,-0.13860000,-0.17108000,0.04963000,-0.69058755,-1.19774920,-0.45586086
1603788748.77554131,0.04880000,-0.00512400,1.01906600,0.10240618,0.07916968,-0.13860000,-0.03108000,0.29463000,-0.69058755,-1.19774920,-0.45586086
1603788748.83794951,0.04855600,-0.00756400,1.02211600,-0.32023902,0.10113901,0.03640000,-0.34608000,0.18963000,-0.69935691,-1.20081847,-0.44679918
1603788748.90034366,0.04953200,-0.00695400,1.01674800,0.11553446,-0.13279664,-0.06860000,-0.13608000,0.11963000,-0.69935691,-1.20081847,-0.44679918
1603788748.96274281,0.04770200,-0.00793000,1.01687000,-0.06871455,0.09388548,0.00140000,-0.34608000,0.18963000,-0.69161064,-1.19131833,-0.46039170
1603788749.02505541,0.05002000,-0.00719800,1.01711400,0.01996679,-0.05287658,0.17640000,-0.34608000,0.04963000,-0.69950307,-1.19351067,-0.45966092
1603788749.08722162,0.04977600,-0.00744200,1.01662600,-0.07653667,0.01261550,0.00140000,-0.17108000,0.04963000,-0.69950307,-1.19351067,-0.45966092
1603788749.14949894,0.04892200,-0.00671000,1.01711400,0.00874292,0.03192237,-0.10360000,-0.13608000,0.15463000,-0.69409529,-1.18985677,-0.45469161
1603788749.21181917,0.04867800,-0.00805200,1.01565000,-0.06506757,0.06079221,-0.20860000,0.07392000,0.29463000,-0.69102602,-1.19584917,-0.45352236
1603788749.27401137,0.04928800,-0.00817400,1.01699200,-0.06979447,0.03936903,0.28140000,-0.45108000,-0.12537000,-0.69102602,-1.19584917,-0.45352236
1603788749.33635855,0.04977600,-0.00695400,1.01443000,-0.00209926,-0.06388346,0.63140000,-0.55608000,-0.40537000,-0.69906460,-1.19467992,-0.44694534
1603788749.39857769,0.04941000,-0.00915000,1.01125800,0.25900271,-0.09363889,0.10640000,-0.66108000,-0.30037000,-0.69906460,-1.19467992,-0.44694534
1603788749.46781826,0.04965400,-0.00573400,1.01723600,0.06490143,-0.00385819,-0.17360000,-0.17108000,0.32963000,-0.69424145,-1.19584917,-0.45703011
1603788749.53534961,0.05160600,-0.00585600,1.01504000,0.05980633,-0.09861756,-0.31360000,-0.06608000,0.36463000,-0.69102602,-1.19614148,-0.45059924
1603788749.59834051,0.05185000,-0.00744200,1.01638200,-0.02905473,-0.10812462,0.28140000,-0.41608000,-0.09037000,-0.69102602,-1.19614148,-0.44343759
1603788749.66086721,0.05099600,-0.00707600,1.01955400,-0.00551590,-0.03887859,0.31640000,-0.48608000,-0.30037000,-0.68737211,-1.19526454,-0.44343759
1603788749.72392631,0.04989800,-0.00732000,1.01552800,-0.02113793,0.00909824,-0.17360000,-0.10108000,0.11963000,-0.69380298,-1.19584917,-0.45103771
1603788749.78622079,0.05014200,-0.00744200,1.01687000,-0.02818782,-0.00594167,0.35140000,-0.69608000,-0.26537000,-0.69380298,-1.19584917,-0.45103771
1603788749.84949970,0.04880000,-0.00634400,1.01772400,0.03436292,0.07594454,0.35140000,-0.45108000,-0.12537000,-0.69161064,-1.19584917,-0.45235311
1603788749.91222763,0.04965400,-0.00744200,1.01662600,-0.02990520,0.01005216,-0.34860000,0.21392000,0.53963000,-0.69336451,-1.19409529,-0.45571470
1603788749.97452021,0.05002000,-0.00634400,1.01626000,0.03293483,-0.00383223,0.03640000,-0.17108000,0.25963000,-0.69336451,-1.19409529,-0.45571470
1603788750.03691292,0.05050800,-0.00549000,1.01723600,0.08131497,0.01256322,0.07140000,-0.17108000,0.18963000,-0.69482607,-1.19482607,-0.44299912
1603788750.10082221,0.04928800,-0.00707600,1.01552800,-0.00944553,0.02934151,0.45640000,-0.62608000,-0.19537000,-0.69555685,-1.19950307,-0.44884537
1603788750.16323304,0.05038600,-0.00707600,1.01613800,-0.00628192,-0.01018757,0.17640000,-0.55608000,-0.19537000,-0.69555685,-1.19950307,-0.44884537
1603788750.22558308,0.04794600,-0.00634400,1.01479600,0.03240191,0.05395478,-0.45360000,0.14392000,0.64463000,-0.69804151,-1.19599532,-0.45059924
1603788750.28780794,0.04928800,-0.00671000,1.01540600,0.01197386,0.10369406,-0.03360000,-0.17108000,0.11963000,-0.69804151,-1.19599532,-0.45059924
1603788750.35028815,0.04928800,-0.00829600,1.00991600,0.11365948,-0.06295095,-0.10360000,-0.03108000,0.22463000,-0.69599532,-1.19789535,-0.44855305
1603788750.41357279,0.05075200,-0.00524600,1.01430800,0.09419332,-0.00238863,-0.41860000,0.17892000,0.67963000,-0.69336451,-1.19277989,-0.44767612
1603788750.47584724,0.05063000,-0.00744200,1.01845600,-0.07601116,0.09813329,0.17640000,-0.34608000,-0.09037000,-0.69336451,-1.19277989,-0.44767612
1603788750.53897619,0.05050800,-0.00732000,1.01674800,-0.02183682,0.03182794,0.03640000,-0.34608000,-0.16037000,-0.69014908,-1.19263373,-0.45279158
1603788750.60135269,0.05038600,-0.00634400,1.01906600,-0.06203297,0.10659493,-0.03360000,-0.10108000,0.25963000,-0.70154925,-1.19248758,-0.45220696
1603788750.66389942,0.04989800,-0.00768600,1.01064800,0.07935408,-0.17813169,-0.10360000,-0.20608000,0.08463000,-0.70154925,-1.19248758,-0.45220696
1603788750.72683716,0.05050800,-0.00683200,1.00845200,-0.01820433,-0.23989925,-0.10360000,-0.27608000,0.04963000,-0.69467992,-1.19482607,-0.45805320
1603788750.78908372,0.04843400,-0.00866200,1.01577200,0.01831152,-0.03123162,-0.06860000,-0.20608000,0.11963000,-0.69029524,-1.19073370,-0.45162233
1603788750.85209417,0.05111800,-0.00744200,1.00979400,0.07226535,-0.46361490,-0.13860000,-0.06608000,0.11963000,-0.69029524,-1.19073370,-0.45162233
1603788750.91471148,0.04965400,-0.00756400,1.01723600,-0.02096113,-0.33276148,-0.13860000,-0.34608000,0.15463000,-0.69731073,-1.19570301,-0.45439930
1603788750.97811103,0.05087400,-0.00671000,1.01857800,-0.13080804,0.13956329,0.10640000,-0.24108000,0.04963000,-0.69731073,-1.19570301,-0.45439930
1603788751.03931212,0.05087400,-0.00732000,1.01613800,-0.02872376,-0.05080975,0.03640000,-0.20608000,0.11963000,-0.68971061,-1.19102602,-0.44840690
1603788751.10083008,0.05124000,-0.00719800,1.01833400,-0.01624762,-0.08040450,0.10640000,-0.31108000,-0.02037000,-0.69657995,-1.19292605,-0.44957615
1603788751.16222906,0.05063000,-0.00573400,1.01857800,0.06803540,-0.06589601,-0.10360000,-0.45108000,-0.09037000,-0.69657995,-1.19292605,-0.44957615
1603788751.22363901,0.04965400,-0.00658800,1.01772400,0.32827604,0.02775212,0.00140000,-0.27608000,-0.16037000,-0.68854136,-1.19511839,-0.45410699
1603788751.28500628,0.04916600,-0.00744200,1.01540600,-0.03123033,0.02886562,0.07140000,-0.10108000,0.18963000,-0.69511839,-1.19921076,-0.44913768
1603788751.34639359,0.05099600,-0.00805200,1.01760200,-0.06263215,-0.02749795,0.14140000,-0.31108000,0.04963000,-0.69511839,-1.19921076,-0.44913768
1603788751.40823627,0.05111800,-0.00658800,1.01125800,-0.07936659,0.19608155,-0.10360000,-0.62608000,-0.09037000,-0.68883367,-1.19438761,-0.45308389
1603788751.46941781,0.04904400,-0.00719800,1.01711400,0.02024152,0.05899123,-0.03360000,-0.27608000,0.15463000,-0.68883367,-1.19438761,-0.45308389
1603788751.53113484,0.05124000,-0.00768600,1.01589400,-0.04343566,-0.07796169,-0.13860000,-0.03108000,0.11963000,-0.69190295,-1.19087986,-0.44884537
1603788751.59222031,0.05099600,-0.00939400,1.02248200,-0.13570850,0.28620321,-0.10360000,-0.10108000,0.18963000,-0.69336451,-1.19628764,-0.44855305
1603788751.65403390,0.05063000,-0.00671000,1.01931000,-0.01397298,0.09354082,0.10640000,0.42392000,0.99463000,-0.69336451,-1.19628764,-0.44855305
1603788751.71642590,0.05063000,-0.00695400,1.01601600,-0.01422285,-0.02479772,0.00140000,-0.62608000,-0.12537000,-0.69102602,-1.19541070,-0.45571470
1603788751.77929163,0.04953200,-0.00768600,1.01784600,0.07576633,-0.10578302,0.03640000,-0.17108000,0.18963000,-0.69029524,-1.19628764,-0.45454545
1603788751.84187889,0.05063000,-0.00695400,1.01577200,-0.22929389,0.29401730,0.14140000,-0.38108000,-0.79037000,-0.69029524,-1.19628764,-0.45454545
1603788751.90433741,0.05050800,-0.00671000,1.01626000,0.08810770,0.00503368,0.10640000,-0.24108000,0.25963000,-0.68664133,-1.19599532,-0.45220696
1603788751.96718025,0.05099600,-0.00695400,1.01626000,-0.03805093,-0.06737549,-0.38360000,-0.06608000,0.57463000,-0.68664133,-1.19599532,-0.45220696
1603788752.02959013,0.04989800,-0.00646600,1.01662600,-0.21436834,0.00313121,0.14140000,-0.27608000,-0.09037000,-0.68751827,-1.19906460,-0.45001462
1603788752.09189224,0.05014200,-0.00817400,1.01626000,-0.13406494,-0.02218745,0.14140000,-0.48608000,-0.09037000,-0.69234142,-1.19570301,-0.44329144
1603788752.15430856,0.05099600,-0.00610000,1.01687000,0.04673166,-0.05838152,0.35140000,-0.31108000,-0.30037000,-0.69234142,-1.19570301,-0.44329144
1603788752.21663022,0.05038600,-0.00793000,1.01650400,-0.06013648,-0.04839739,-0.06860000,-0.06608000,0.22463000,-0.68883367,-1.19672610,-0.45220696
1603788752.27885079,0.05038600,-0.00695400,1.01894400,-0.00042690,0.13362908,0.17640000,-0.24108000,-0.05537000,-0.68722596,-1.19234142,-0.44460684
1603788752.34121633,0.05038600,-0.00622200,1.01906600,0.04076688,0.00391163,-0.20860000,-0.06608000,0.32963000,-0.68722596,-1.19234142,-0.44460684
1603788752.40347195,0.04904400,-0.00732000,1.01516200,0.16323451,-0.10306503,-0.17360000,0.10892000,0.43463000,-0.69131833,-1.19482607,-0.45308389
1603788752.46589208,0.04941000,-0.00683200,1.00955000,0.13431883,-0.12615152,0.00140000,0.17892000,0.36463000,-0.69131833,-1.19482607,-0.41566793
1603788752.52840185,0.05002000,-0.00671000,1.01833400,0.13652618,-0.12822034,-0.06860000,-0.06608000,-0.26537000,-0.68941830,-1.19774920,-0.44840690
1603788752.59065652,0.05050800,-0.00658800,1.01638200,-0.14049839,0.08379176,-0.06860000,-0.31108000,-0.26537000,-0.69234142,-1.19424145,-0.44153756
1603788752.65299010,0.04855600,-0.00683200,1.01711400,-0.24871215,0.52290851,0.24640000,-0.52108000,-0.37037000,-0.69234142,-1.19424145,-0.44153756
1603788752.71560669,0.04867800,-0.00719800,1.01748000,0.10979332,0.08438837,0.00140000,-0.41608000,0.22463000,-0.69073370,-1.19950307,-0.44314528
1603788752.77786160,0.04977600,-0.00732000,1.01540600,-0.09724217,0.01195291,-0.13860000,-0.06608000,0.22463000,-0.69307220,-1.19248758,-0.44592224
1603788752.84041619,0.04928800,-0.00793000,1.01711400,-0.03853853,0.06373314,0.14140000,-0.48608000,-0.05537000,-0.69307220,-1.19248758,-0.44592224
1603788752.90282226,0.04965400,-0.00768600,1.01528400,-0.04129495,0.02546721,0.21140000,-0.45108000,-0.09037000,-0.69394914,-1.20023385,-0.44899152
1603788752.96516156,0.04892200,-0.00658800,1.01406400,0.01837456,0.05196989,-0.06860000,-0.06608000,0.18963000,-0.69073370,-1.20344928,-0.45629933
1603788753.02749968,0.04916600,-0.00756400,1.01418600,-0.03664016,0.01794052,0.17640000,-0.34608000,-0.12537000,-0.69073370,-1.20344928,-0.45629933
1603788753.08973002,0.05099600,-0.00963800,1.02004200,-0.15049913,-0.06852224,0.31640000,-0.48608000,-0.19537000,-0.69029524,-1.20140310,-0.45717626
1603788753.15215611,0.04977600,-0.00524600,1.01357600,-0.03004485,0.11946473,0.66640000,-0.97608000,-0.51037000,-0.69029524,-1.20140310,-0.45717626
1603788753.21477079,0.04965400,-0.00841800,1.00967200,0.09978399,-0.13959792,-0.10360000,-0.06608000,0.36463000,-0.69175680,-1.19862613,-0.45454545
1603788753.27699327,0.05075200,-0.00756400,1.01638200,0.19581228,-0.45021381,-0.06860000,0.00392000,0.11963000,-0.69219526,-1.19701842,-0.45673780
1603788753.33929610,0.05002000,-0.00658800,1.01613800,0.27251572,-0.26724495,-0.17360000,-0.34608000,0.01463000,-0.69219526,-1.19701842,-0.45673780
1603788753.40157723,0.05002000,-0.00841800,1.01491800,-0.02674482,0.01063509,0.00140000,-0.10108000,0.22463000,-0.69307220,-1.19643379,-0.44972230
1603788753.46397376,0.04941000,-0.00744200,1.01650400,0.17765157,0.03643358,0.24640000,-0.31108000,-0.16037000,-0.68766443,-1.19657995,-0.45016077
1603788753.52631640,0.05087400,-0.00622200,1.01711400,0.03842917,-0.06324143,-0.27860000,-0.06608000,0.50463000,-0.68766443,-1.19657995,-0.45016077
1603788753.58860421,0.04831200,-0.00817400,1.01552800,-0.07009103,0.09259759,-0.17360000,-0.38108000,0.22463000,-0.69146448,-1.19804151,-0.45629933
1603788753.65095305,0.05087400,-0.00634400,1.01613800,0.03427082,-0.04125326,0.45640000,-0.55608000,-0.16037000,-0.69146448,-1.19804151,-0.45629933
1603788753.71376491,0.05026400,-0.00622200,1.01796800,0.04039504,-0.01281423,-0.34860000,0.17892000,0.53963000,-0.69044139,-1.19570301,-0.44840690
1603788753.77604532,0.04904400,-0.00939400,1.01735800,-0.13830003,0.15007534,-0.73360000,0.49392000,0.88963000,-0.69321836,-1.19336451,-0.45279158
1603788753.83852339,0.05026400,-0.00622200,1.01894400,0.04073338,-0.02379765,0.00140000,-0.10108000,0.32963000,-0.69321836,-1.19336451,-0.45279158
1603788753.90074134,0.04855600,-0.00671000,1.01101400,0.12784261,-0.36319694,-0.13860000,-0.24108000,0.08463000,-0.69599532,-1.19979538,-0.45059924
1603788753.96305776,0.04965400,-0.00622200,1.01784600,-0.00605512,-0.11801024,-0.06860000,-0.31108000,0.39963000,-0.69248758,-1.19672610,-0.45235311
1603788754.02544141,0.04989800,-0.00744200,1.01565000,-0.10865768,0.05911015,0.07140000,-0.24108000,0.39963000,-0.69248758,-1.19672610,-0.45235311
1603788754.08759117,0.04953200,-0.00671000,1.01687000,-0.08357521,0.02532673,-0.17360000,-0.03108000,0.36463000,-0.69014908,-1.19570301,-0.45016077
1603788754.14983797,0.04953200,-0.00658800,1.01540600,-0.03399332,0.03529310,-0.06860000,-0.13608000,0.22463000,-0.69234142,-1.19789535,-0.45308389
1603788754.21240711,0.04941000,-0.00805200,1.01613800,-0.06146771,0.04147465,0.24640000,-0.55608000,-0.09037000,-0.69234142,-1.19789535,-0.45308389
1603788754.27461267,0.04880000,-0.00671000,1.01772400,0.01262042,0.06709764,0.00140000,-0.13608000,0.15463000,-0.68430284,-1.19833382,-0.44899152
1603788754.33710957,0.04880000,-0.00573400,1.01748000,0.06765074,0.06806807,-0.03360000,-0.13608000,0.08463000,-0.68430284,-1.19833382,-0.44899152
1603788754.39953828,0.05002000,-0.00671000,1.01784600,0.01288700,0.08277336,-0.03360000,-0.20608000,0.15463000,-0.68766443,-1.19921076,-0.44738381
1603788754.46183705,0.05075200,-0.00561200,1.01784600,0.07470382,-0.21179830,-0.31360000,0.03892000,0.36463000,-0.69000292,-1.20023385,-0.45410699
1603788754.52414393,0.05148400,-0.00793000,1.01967600,-0.31516270,0.22461386,0.14140000,-0.10108000,0.29463000,-0.69000292,-1.20023385,-0.45410699
1603788754.58642292,0.05111800,-0.00622200,1.01162400,0.09345347,-0.17525414,0.07140000,-0.52108000,-0.19537000,-0.69438761,-1.19921076,-0.44957615
1603788754.64884353,0.04977600,-0.00610000,1.01528400,-0.15300655,0.15902449,0.17640000,-0.31108000,0.39963000,-0.68839521,-1.19453376,-0.45454545
1603788754.71139050,0.04916600,-0.00793000,1.01674800,0.15603444,-0.30018385,-0.10360000,0.00392000,0.36463000,-0.68839521,-1.19453376,-0.45454545
1603788754.77354527,0.05002000,-0.00768600,1.01626000,0.08803716,-0.00249759,-0.20860000,-0.10108000,0.32963000,-0.69044139,-1.19614148,-0.44343759
1603788754.83587551,0.04880000,-0.00683200,1.01589400,0.08848908,0.07036185,-0.24360000,-0.10108000,0.25963000,-0.69044139,-1.19614148,-0.44343759
1603788754.89822602,0.04928800,-0.00597800,1.01528400,0.05333034,0.03566715,-0.17360000,-0.10108000,0.32963000,-0.68722596,-1.19102602,-0.44226834
1603788754.96061945,0.05063000,-0.00634400,1.01516200,0.03260289,-0.04087572,0.31640000,-0.48608000,-0.09037000,-0.69219526,-1.19497223,-0.44840690
1603788755.02298856,0.04819000,-0.00780800,1.01772400,-0.04890739,0.10302547,-0.59360000,0.31892000,0.81963000,-0.69219526,-1.19497223,-0.44840690
1603788755.08517838,0.05014200,-0.00719800,1.01857800,-0.01426505,0.09843584,-0.38360000,0.03892000,0.57463000,-0.68971061,-1.19204911,-0.44460684
1603788755.14762330,0.04880000,-0.00829600,1.01687000,-0.07679087,0.23794766,-0.03360000,0.21392000,0.67963000,-0.69394914,-1.19467992,-0.45074540
1603788755.21011090,0.04953200,-0.00658800,1.01504000,0.05317481,-0.12399270,-0.06860000,-0.45108000,0.08463000,-0.69394914,-1.19467992,-0.45074540
1603788755.27229142,0.05111800,-0.00597800,1.01650400,0.30029624,-0.00084151,-0.27860000,0.00392000,0.67963000,-0.68897983,-1.19672610,-0.44343759
1603788755.33462358,0.04892200,-0.00695400,1.01638200,0.17720220,-0.01759055,-0.10360000,-0.17108000,0.60963000,-0.68897983,-1.19511839,-0.45279158
1603788755.39670658,0.04965400,-0.00683200,1.01674800,-0.18187842,0.00775658,-0.03360000,-0.24108000,0.04963000,-0.68927214,-1.19511839,-0.45279158
1603788755.45926285,0.04953200,-0.00732000,1.01687000,-0.06792519,0.03696305,-0.10360000,-0.03108000,0.11963000,-0.69029524,-1.19774920,-0.45498392
1603788755.52165771,0.05197200,-0.00671000,1.01601600,0.01140989,-0.12098451,0.14140000,-0.20608000,0.01463000,-0.69029524,-1.19774920,-0.45498392
1603788755.58390760,0.04941000,-0.00671000,1.01455200,0.01222430,0.02981528,0.31640000,-0.38108000,-0.05537000,-0.68795674,-1.19453376,-0.44504531
1603788755.64623380,0.05014200,-0.00683200,1.01772400,0.00601059,-0.00662844,-0.27860000,0.17892000,0.57463000,-0.68737211,-1.19789535,-0.44738381
1603788755.70869684,0.04941000,-0.00963800,1.01443000,-0.15351501,-0.01570846,0.31640000,-0.34608000,-0.05537000,-0.68737211,-1.19789535,-0.44738381
1603788755.77092290,0.05002000,-0.00622200,1.01687000,0.03995648,0.19675092,0.03640000,0.00392000,0.11963000,-0.68912599,-1.19657995,-0.44533762
1603788755.83344817,0.05075200,-0.00597800,1.01113600,-0.04476553,-0.15596543,0.10640000,-0.20608000,0.18963000,-0.68664133,-1.19672610,-0.44826074
1603788755.89563656,0.05087400,-0.00744200,1.00820800,0.27940207,-0.32366412,-0.17360000,0.10892000,0.36463000,-0.68664133,-1.19672610,-0.44826074
1603788755.95811558,0.04941000,-0.00768600,1.01552800,-0.08560745,0.21669352,-0.03360000,-0.20608000,0.36463000,-0.69087986,-1.19847998,-0.44723765
1603788756.02052188,0.05087400,-0.00597800,1.01577200,-0.15012051,0.09098264,0.03640000,-0.20608000,-0.09037000,-0.69087986,-1.19847998,-0.44723765
1603788756.08268237,0.04977600,-0.00793000,1.01601600,0.06178611,0.02159622,-0.24360000,0.03892000,0.43463000,-0.68693365,-1.19453376,-0.44796843
1603788756.14495301,0.04843400,-0.00646600,1.01699200,-0.05790615,0.07621588,0.10640000,-0.45108000,0.11963000,-0.68795674,-1.20096463,-0.44212219
1603788756.20771599,0.04989800,-0.00719800,1.01735800,-0.05690784,-0.00031274,0.00140000,-0.17108000,0.04963000,-0.68795674,-1.20096463,-0.44212219
1603788756.27002311,0.05002000,-0.00695400,1.01613800,-0.00524886,-0.03144306,-0.52360000,0.35392000,0.60963000,-0.69175680,-1.20213388,-0.44679918
1603788756.33268118,0.04843400,-0.00610000,1.01674800,0.04808232,0.09676886,-0.13860000,-0.10108000,0.36463000,-0.68401052,-1.19467992,-0.44519146
1603788756.39488578,0.05026400,-0.00817400,1.01504000,-0.07067151,0.02030204,-0.24360000,0.03892000,0.43463000,-0.68401052,-1.19467992,-0.44519146
1603788756.45733929,0.04855600,-0.00610000,1.01430800,0.04603328,-0.07111851,0.17640000,-0.20608000,0.01463000,-0.68795674,-1.19584917,-0.44942999
1603788756.51987410,0.05002000,-0.00402600,1.02345800,0.16505854,-0.02495916,-0.20860000,-0.06608000,0.43463000,-0.68795674,-1.19584917,-0.41201403
1603788756.58218503,0.04965400,-0.00658800,1.01345400,-0.06457448,0.20862348,0.00140000,-0.17108000,0.15463000,-0.69175680,-1.19467992,-0.43963753
1603788756.64457154,0.04977600,-0.00671000,1.01638200,-0.08381313,0.05143424,0.00140000,0.24892000,0.57463000,-0.68707980,-1.19906460,-0.44475300
1603788756.70708227,0.04977600,-0.00732000,1.01723600,-0.33293667,0.09961774,0.10640000,-0.38108000,0.04963000,-0.68707980,-1.19906460,-0.44475300
1603788756.76940751,0.05087400,-0.00695400,1.01735800,-0.03565924,-0.00313388,-0.17360000,-0.06608000,0.50463000,-0.69073370,-1.20154925,-0.44723765
1603788756.83178949,0.05014200,-0.00719800,1.01735800,-0.06718711,-0.03373679,-0.20860000,-0.17108000,0.36463000,-0.69584917,-1.19657995,-0.45615317
1603788756.89393401,0.05014200,-0.00646600,1.01516200,-0.09928351,-0.02049718,0.24640000,-0.48608000,-0.16037000,-0.69584917,-1.19657995,-0.45615317
1603788756.95631647,0.05063000,-0.00805200,1.01577200,-0.06122594,-0.02551420,-0.06860000,-0.10108000,0.32963000,-0.68956445,-1.19731073,-0.44139141
1603788757.01872277,0.04880000,-0.00671000,1.01772400,0.01243962,0.06578119,-0.55860000,0.35392000,0.71463000,-0.69219526,-1.19365683,-0.44372990
1603788757.08101487,0.05063000,-0.00805200,1.01772400,-0.06257532,-0.03400913,-0.27860000,-0.03108000,0.39963000,-0.69219526,-1.19365683,-0.44372990
1603788757.14327574,0.05087400,-0.00524600,1.01211200,0.09357231,-0.08426978,-0.10360000,-0.20608000,0.39963000,-0.69511839,-1.19467992,-0.44738381
1603788757.20563412,0.04928800,-0.00756400,1.01784600,-0.02139820,0.04852682,0.07140000,0.24892000,0.60963000,-0.69511839,-1.19467992,-0.44738381
1603788757.26810002,0.05050800,-0.00732000,1.01601600,-0.15956827,0.05047332,-0.03360000,0.00392000,0.22463000,-0.68795674,-1.19453376,-0.45001462
1603788757.33067036,0.05087400,-0.00695400,1.02724000,0.06388238,0.20275689,-0.03360000,-0.41608000,-0.05537000,-0.69731073,-1.20154925,-0.45396083
1603788757.39310336,0.04794600,-0.00549000,1.01601600,0.07254423,0.02327846,-0.03360000,-0.13608000,0.50463000,-0.69731073,-1.20154925,-0.45396083
1603788757.45541191,0.04928800,-0.00780800,1.01613800,0.15026909,-0.01115202,-0.03360000,-0.13608000,0.50463000,-0.69321836,-1.19950307,-0.44869921
1603788757.51779532,0.04489600,-0.00646600,1.01699200,0.07500184,0.22321854,0.00140000,-0.17108000,0.15463000,-0.69380298,-1.19818766,-0.45703011
1603788757.57997870,0.05026400,-0.00988200,1.01565000,-0.04241845,-0.01617258,0.24640000,-0.24108000,0.01463000,-0.69380298,-1.19818766,-0.45703011
1603788757.64232993,0.04697000,-0.00317200,1.01601600,0.21128769,0.16419713,0.21140000,-0.45108000,-0.02037000,-0.69102602,-1.19701842,-0.45206080
1603788757.70496416,0.05038600,-0.01037000,1.01796800,-0.19207355,-0.01618422,-0.38360000,0.28392000,0.57463000,-0.69102602,-1.19701842,-0.45206080
1603788757.76728535,0.04965400,-0.00500200,1.01321000,0.10829418,0.01471904,0.42140000,-0.45108000,-0.16037000,-0.69087986,-1.19760304,-0.44709149
1603788757.82963133,0.04721400,-0.00915000,1.01638200,-0.12503847,0.07889670,-0.73360000,0.45892000,0.85463000,-0.68971061,-1.19570301,-0.45849167
1603788757.89191651,0.05075200,-0.00988200,1.00711000,-0.17138239,0.09532365,0.14140000,-0.27608000,0.04963000,-0.68971061,-1.19570301,-0.45849167
1603788757.95436454,0.04758000,-0.00841800,1.02053000,0.03436579,0.21296083,0.21140000,-0.10108000,0.25963000,-0.69336451,-1.19599532,-0.45659164
1603788758.01672173,0.05002000,-0.01000400,1.01882200,0.01338352,-0.31834191,0.10640000,-0.45108000,0.01463000,-0.69511839,-1.19292605,-0.45366852
1603788758.07890153,0.04867800,-0.00536800,1.01687000,-0.04900130,0.21922327,0.00140000,-0.20608000,0.01463000,-0.69511839,-1.19292605,-0.45366852
1603788758.14109254,0.04904400,-0.00817400,1.01504000,-0.12567671,0.12370482,-0.24360000,-0.10108000,0.39963000,-0.68956445,-1.19263373,-0.45352236
1603788758.20334172,0.04941000,-0.00451400,1.01491800,0.19131457,0.03576666,0.17640000,-0.24108000,0.08463000,-0.69146448,-1.19482607,-0.45293774
1603788758.26565981,0.05038600,-0.00805200,1.01760200,-0.31595024,-0.01848484,-0.17360000,-0.06608000,0.18963000,-0.69146448,-1.19482607,-0.45293774
1603788758.32808757,0.04928800,-0.00524600,1.01455200,0.09436211,0.03365551,-0.38360000,0.03892000,0.43463000,-0.69044139,-1.19745688,-0.44709149
1603788758.39016771,0.04880000,-0.00634400,1.01772400,0.03342675,0.06873511,-0.13860000,-0.06608000,0.36463000,-0.69044139,-1.19745688,-0.44709149
1603788758.45254230,0.04892200,-0.00512400,1.01723600,0.10189967,0.03312377,-0.73360000,0.56392000,0.88963000,-0.69351067,-1.19789535,-0.44986846
1603788758.51531649,0.05111800,-0.00744200,1.01479600,-0.02949970,0.00587290,0.17640000,-0.20608000,-0.05537000,-0.69044139,-1.19935691,-0.44446068
1603788758.57749248,0.04941000,-0.00610000,1.02248200,-0.01273562,0.14289396,-0.20860000,0.35392000,0.74963000,-0.69044139,-1.19935691,-0.44446068
1603788758.63986826,0.05136200,-0.00500200,1.02138400,-0.02001507,0.17417344,0.17640000,-0.27608000,0.18963000,-0.69190295,-1.19921076,-0.45235311
1603788758.70204425,0.04733600,-0.00719800,1.01845600,-0.13670171,0.19950551,0.00140000,-0.24108000,0.08463000,-0.69701842,-1.19321836,-0.45103771
1603788758.76447654,0.05038600,-0.00719800,1.01613800,0.12224816,-0.16886702,0.03640000,-0.24108000,-0.12537000,-0.69701842,-1.19321836,-0.45103771
1603788758.82701540,0.04794600,-0.00817400,1.01552800,0.00539591,-0.23130130,0.03640000,-0.20608000,0.18963000,-0.69204911,-1.19833382,-0.44329144
1603788758.88932467,0.04965400,-0.00695400,1.01491800,-0.09038039,0.01880674,-0.03360000,-0.27608000,0.15463000,-0.69204911,-1.19833382,-0.44329144
1603788758.95169306,0.05026400,-0.00622200,1.01577200,0.09377184,-0.02710630,-0.27860000,-0.03108000,0.53963000,-0.69029524,-1.19950307,-0.44270681
1603788759.01442504,0.04892200,-0.00744200,1.01674800,-0.03240571,0.03496250,-0.17360000,-0.03108000,0.32963000,-0.68985677,-1.19994154,-0.44738381
1603788759.07669759,0.05148400,-0.00585600,1.01662600,0.06251655,-0.06786886,0.07140000,-0.31108000,0.18963000,-0.68985677,-1.19994154,-0.44738381
1603788759.13917398,0.04928800,-0.00744200,1.01992000,-0.02740610,0.04730617,0.14140000,-0.41608000,0.04963000,-0.68781058,-1.19672610,-0.44314528
1603788759.20124817,0.05063000,-0.00610000,1.01955400,0.04776733,0.05313040,0.00140000,-0.34608000,0.08463000,-0.69263373,-1.19760304,-0.44182987
1603788759.26358080,0.05063000,-0.00671000,1.02907000,0.03727045,0.39044514,0.00140000,0.00392000,0.22463000,-0.69263373,-1.19760304,-0.44182987
1603788759.32592654,0.04843400,-0.00707600,1.01882200,0.06804567,0.18121135,0.00140000,-0.69608000,-0.33537000,-0.69161064,-1.19906460,-0.44942999
1603788759.38820696,0.04880000,-0.00622200,1.01870000,-0.13886126,-0.38971422,-0.10360000,-0.17108000,-0.09037000,-0.69161064,-1.19906460,-0.44986846
1603788759.45052910,0.04867800,-0.00744200,1.01345400,-0.09629930,-0.01006181,0.03640000,-0.31108000,0.43463000,-0.69526454,-1.19526454,-0.44986846
1603788759.51317453,0.04904400,-0.00610000,1.01723600,-0.12175672,0.16466132,0.07140000,-0.34608000,0.11963000,-0.69745688,-1.19672610,-0.44460684
1603788759.57535100,0.05136200,-0.00780800,1.01626000,-0.25230617,-0.06468851,-0.03360000,-0.20608000,0.08463000,-0.69745688,-1.19672610,-0.44460684
1603788759.63766503,0.04977600,-0.00634400,1.01552800,0.01286367,0.01392439,0.10640000,-0.13608000,0.15463000,-0.69161064,-1.20023385,-0.43773750
1603788759.69998455,0.04880000,-0.00793000,1.01662600,-0.05811387,0.05423226,-0.17360000,-0.03108000,0.29463000,-0.69453376,-1.19935691,-0.44957615
1603788759.76235390,0.05014200,-0.00780800,1.01845600,-0.04855204,-0.00458520,-0.13860000,-0.13608000,0.25963000,-0.69453376,-1.19935691,-0.44957615
1603788759.82468772,0.04831200,-0.00841800,1.01565000,-0.08411767,-0.03980643,0.35140000,-0.41608000,-0.12537000,-0.69511839,-1.19599532,-0.44694534
1603788759.88689017,0.04953200,-0.00890600,1.01577200,-0.11155093,-0.03945260,0.07140000,-0.66108000,-0.19537000,-0.69029524,-1.19497223,-0.45118386
1603788759.94920015,0.04782400,-0.00817400,1.01870000,-0.09641553,-0.01073707,-0.13860000,0.00392000,0.46963000,-0.69029524,-1.19497223,-0.45118386
1603788760.01173520,0.05124000,-0.00671000,1.01418600,0.04603898,-0.22268837,-0.27860000,-0.27608000,0.15463000,-0.69394914,-1.20125694,-0.45016077
1603788760.07403374,0.05026400,-0.00707600,1.01504000,0.13012995,0.19211893,-0.10360000,-0.13608000,0.50463000,-0.69394914,-1.20125694,-0.45016077
1603788760.13645411,0.04867800,-0.00658800,1.01748000,-0.24498604,-0.10760751,-0.10360000,-0.10108000,0.25963000,-0.69804151,-1.19511839,-0.45089155
1603788760.19870591,0.05038600,-0.00658800,1.01723600,0.01014827,-0.04083203,-0.06860000,-0.10108000,0.29463000,-0.69219526,-1.19716457,-0.45118386
1603788760.26125431,0.04855600,-0.00756400,1.01870000,0.19099704,0.07945804,0.07140000,-0.31108000,0.29463000,-0.69219526,-1.19716457,-0.45118386
1603788760.32409072,0.05136200,-0.00744200,1.01601600,-0.07773195,-0.08412577,0.07140000,-0.41608000,0.11963000,-0.69862613,-1.19643379,-0.43992985
1603788760.38644171,0.04953200,-0.00805200,1.01565000,-0.06461155,0.01526202,0.00140000,-0.24108000,0.18963000,-0.69234142,-1.19745688,-0.45147618
1603788760.44884348,0.04941000,-0.00756400,1.01748000,-0.03470517,0.03748708,-0.10360000,-0.17108000,0.43463000,-0.69234142,-1.19745688,-0.45147618
1603788760.51140237,0.05002000,-0.00610000,1.01662600,0.04704399,-0.00080026,-0.34860000,-0.13608000,0.32963000,-0.69175680,-1.19672610,-0.45191464
1603788760.57360244,0.04855600,-0.00805200,1.01528400,-0.06370581,0.07591855,0.07140000,-0.31108000,0.25963000,-0.69175680,-1.19672610,-0.45191464
1603788760.63598037,0.05050800,-0.00890600,1.00625600,-0.11625223,-0.13567305,0.24640000,-0.34608000,-0.02037000,-0.69336451,-1.19541070,-0.44796843
1603788760.69828939,0.05026400,-0.00756400,1.02577600,-0.11355826,0.18549424,-0.06860000,0.03892000,0.32963000,-0.68810289,-1.19394914,-0.44665303
1603788760.76071811,0.05038600,-0.00695400,1.01052600,-0.03126616,-0.01287311,-0.20860000,-0.20608000,0.29463000,-0.68810289,-1.19394914,-0.44665303
1603788760.82308364,0.04880000,-0.00793000,1.01760200,-0.00080194,-0.14364094,0.00140000,-0.45108000,0.04963000,-0.69555685,-1.19087986,-0.45162233
1603788760.88528633,0.05014200,-0.00597800,1.01540600,-0.04110060,0.20490339,0.10640000,-0.34608000,-0.19537000,-0.68678749,-1.19731073,-0.45264543
1603788760.94767094,0.04867800,-0.00671000,1.01735800,-0.14315163,0.08479960,-0.03360000,-0.17108000,0.01463000,-0.68678749,-1.19731073,-0.45264543
1603788761.01022553,0.04941000,-0.00719800,1.01833400,-0.01299167,0.04542344,0.03640000,-0.31108000,0.11963000,-0.69234142,-1.20067232,-0.44840690
1603788761.07241678,0.04928800,-0.00817400,1.01455200,-0.07006986,0.03770655,-0.31360000,0.03892000,0.43463000,-0.69029524,-1.19716457,-0.44416837
1603788761.13476276,0.05136200,-0.00646600,1.01979800,0.02442496,-0.09253711,-0.45360000,0.14392000,0.64463000,-0.69029524,-1.19716457,-0.44416837
1603788761.19694591,0.05148400,-0.00622200,1.01760200,0.04029047,-0.08234843,0.42140000,-0.62608000,-0.23037000,-0.69146448,-1.20198772,-0.44679918
1603788761.25927949,0.05111800,-0.00817400,1.01626000,-0.07005609,-0.13414784,-0.10360000,-0.10108000,0.18963000,-0.69146448,-1.20198772,-0.44679918
1603788761.32240510,0.04965400,-0.00536800,1.01735800,0.08820730,0.04031474,-0.06860000,-0.13608000,0.08463000,-0.69453376,-1.19555685,-0.45819936
1603788761.38478875,0.04928800,-0.00744200,1.01613800,-0.02898301,0.11252058,-0.20860000,-0.06608000,0.36463000,-0.68737211,-1.19657995,-0.45323005
1603788761.44722629,0.04855600,-0.00732000,1.02431200,0.02204887,0.20212466,0.00140000,0.07392000,0.57463000,-0.68737211,-1.19657995,-0.45323005
1603788761.50972605,0.04941000,-0.00610000,1.02004200,-0.20544571,0.34174855,0.00140000,-0.41608000,-0.26537000,-0.69701842,-1.19131833,-0.45425314
1603788761.57222748,0.04989800,-0.00695400,1.01748000,-0.12445404,0.01330628,0.07140000,0.03892000,0.46963000,-0.69438761,-1.19891844,-0.45483777
1603788761.63463092,0.04965400,-0.00683200,1.01443000,-0.09070952,0.12005295,0.10640000,-0.20608000,0.64463000,-0.69438761,-1.19891844,-0.45483777
1603788761.69682026,0.04928800,-0.00634400,1.01577200,0.05503081,0.00177049,-0.20860000,0.03892000,0.53963000,-0.69716457,-1.19672610,-0.44139141
1603788761.75916910,0.05014200,-0.00744200,1.01699200,0.23930031,-0.00566975,0.03640000,-0.24108000,0.18963000,-0.69716457,-1.19672610,-0.44139141
1603788761.82173324,0.04977600,-0.00719800,1.01613800,0.01331433,0.01727140,-0.03360000,-0.10108000,0.25963000,-0.69336451,-1.19365683,-0.45323005
1603788761.88423967,0.04928800,-0.00671000,1.01504000,-0.05120724,0.02667608,-0.10360000,-0.27608000,0.08463000,-0.69497223,-1.19087986,-0.44665303
1603788761.94672823,0.04867800,-0.00854000,1.01369800,-0.08982817,0.07694104,0.21140000,-0.45108000,-0.19537000,-0.69497223,-1.19087986,-0.44665303
1603788762.00950885,0.05063000,-0.00744200,1.01601600,-0.03211550,-0.06016178,0.00140000,-0.10108000,0.18963000,-0.69175680,-1.19482607,-0.44957615
1603788762.07180548,0.05038600,-0.00671000,1.01613800,0.01169810,-0.02918006,-0.06860000,-0.13608000,0.25963000,-0.69014908,-1.19467992,-0.44562993
1603788762.13424802,0.04831200,-0.00780800,1.01784600,-0.04885240,0.09649797,0.00140000,-0.17108000,0.29463000,-0.69014908,-1.19467992,-0.44562993
1603788762.19644570,0.05050800,-0.00707600,1.02260400,-0.00583305,0.06136861,-0.27860000,0.07392000,0.39963000,-0.69087986,-1.19394914,-0.45293774
1603788762.26782012,0.04880000,-0.00854000,1.01491800,-0.13276739,0.33612631,0.07140000,0.24892000,0.67963000,-0.68985677,-1.19628764,-0.45439930
1603788762.33526564,0.04977600,-0.00768600,1.01687000,0.07334107,-0.09384268,0.00140000,-0.31108000,-0.02037000,-0.68985677,-1.19628764,-0.45439930
1603788762.39817262,0.05050800,-0.00732000,1.01162400,0.17624818,-0.13392629,-0.13860000,-0.24108000,0.25963000,-0.68722596,-1.19804151,-0.46097632
1603788762.46051097,0.04904400,-0.00683200,1.01552800,0.06056549,-0.25006649,0.03640000,-0.80108000,-0.44037000,-0.69117217,-1.19818766,-0.45279158
1603788762.52376890,0.04855600,-0.00658800,1.01687000,0.00572576,-0.11869945,0.00140000,-0.20608000,0.57463000,-0.69117217,-1.19818766,-0.45279158
1603788762.58599424,0.04904400,-0.00732000,1.01626000,0.05210258,-0.07117503,0.00140000,-0.13608000,0.18963000,-0.68781058,-1.19716457,-0.45191464
1603788762.64908481,0.05038600,-0.00780800,1.01687000,0.12959069,0.09057207,0.00140000,-0.20608000,0.11963000,-0.68781058,-1.19716457,-0.45191464
1603788762.71214509,0.04819000,-0.00756400,1.01406400,-0.00908029,-0.18866483,-0.17360000,0.07392000,0.50463000,-0.69263373,-1.19292605,-0.44869921
1603788762.77472305,0.05002000,-0.00622200,1.01613800,0.10157725,0.07816499,-0.10360000,-0.41608000,-0.02037000,-0.69482607,-1.19117217,-0.45045308
1603788762.83758450,0.04758000,-0.00890600,1.01406400,-0.06397686,0.21893765,-0.06860000,-0.24108000,0.74963000,-0.69482607,-1.19117217,-0.45045308
1603788762.89870739,0.04928800,-0.00634400,1.01906600,0.04744199,0.04364274,-0.13860000,-0.03108000,0.32963000,-0.69087986,-1.19497223,-0.44738381
1603788762.96035218,0.04855600,-0.00634400,1.01870000,0.03376367,0.08505311,-0.06860000,-0.10108000,0.25963000,-0.69014908,-1.19731073,-0.44752996
1603788763.02149844,0.05014200,-0.00768600,1.01003800,0.18282065,-0.11784116,-0.20860000,-0.13608000,0.25963000,-0.69014908,-1.19731073,-0.44752996
1603788763.08304405,0.04904400,-0.00695400,1.01601600,-0.18232126,0.07315706,0.03640000,-0.38108000,0.01463000,-0.68810289,-1.20184157,-0.45147618
1603788763.14422321,0.04916600,-0.00805200,1.01784600,-0.06255303,0.04854181,0.07140000,-0.31108000,0.18963000,-0.68810289,-1.20184157,-0.45147618
1603788763.20597458,0.04928800,-0.00573400,1.01455200,0.06672774,0.03953489,-0.17360000,0.10892000,0.50463000,-0.69219526,-1.20257235,-0.45454545
1603788763.26705861,0.04843400,-0.00805200,1.01552800,-0.10230817,0.09063719,-0.06860000,-0.31108000,-0.02037000,-0.69029524,-1.19599532,-0.45279158
1603788763.32895017,0.05026400,-0.00646600,1.01589400,0.21796714,-0.02508307,-0.03360000,-0.24108000,0.25963000,-0.69029524,-1.19599532,-0.45279158
1603788763.39021635,0.04941000,-0.00732000,1.01857800,-0.02109837,0.03681821,0.17640000,-0.45108000,0.01463000,-0.68912599,-1.19584917,-0.45045308
1603788763.45193315,0.04965400,-0.00671000,1.01992000,-0.10953321,0.01315226,-0.10360000,-0.31108000,0.04963000,-0.69161064,-1.19818766,-0.45498392
1603788763.51340675,0.04904400,-0.00756400,1.01504000,0.14169829,-0.18977093,-0.31360000,0.03892000,0.15463000,-0.69161064,-1.19818766,-0.45498392
1603788763.57568860,0.04904400,-0.00585600,1.01504000,0.00667839,0.05998296,-0.03360000,-0.10108000,-0.05537000,-0.69058755,-1.19731073,-0.45235311
1603788763.63881302,0.04965400,-0.00707600,1.01699200,0.01216511,-0.06695666,-0.24360000,-0.10108000,0.32963000,-0.69058755,-1.19731073,-0.45235311
1603788763.70107746,0.04880000,-0.00719800,1.01674800,0.14366287,0.07395452,0.10640000,-0.38108000,-0.02037000,-0.69526454,-1.19672610,-0.44972230
1603788763.76426625,0.05014200,-0.00719800,1.01601600,-0.08836767,0.00998998,0.21140000,-0.38108000,-0.02037000,-0.69321836,-1.19818766,-0.44855305
1603788763.82660699,0.04855600,-0.00805200,1.01735800,0.10202595,0.08242177,-0.06860000,-0.31108000,0.22463000,-0.69321836,-1.19818766,-0.44855305
1603788763.88973832,0.04989800,-0.00597800,1.01540600,0.15177456,0.02704870,-0.17360000,-0.20608000,0.39963000,-0.69467992,-1.19833382,-0.44869921
1603788763.95262003,0.05026400,-0.00646600,1.01528400,-0.04839224,-0.01041850,0.00140000,-0.13608000,0.22463000,-0.69789535,-1.19365683,-0.45381467
1603788764.01382971,0.04892200,-0.00610000,1.01772400,0.04714914,0.06187866,0.10640000,-0.34608000,0.22463000,-0.69789535,-1.19365683,-0.45381467
1603788764.07524133,0.04819000,-0.00805200,1.01321000,0.08010924,-0.06736813,-0.03360000,0.17892000,0.57463000,-0.68766443,-1.19204911,-0.44592224
1603788764.13642931,0.05002000,-0.00683200,1.01613800,0.27330207,-0.21909517,-0.13860000,0.00392000,0.32963000,-0.69277989,-1.19804151,-0.45118386
1603788764.19806647,0.05075200,-0.00817400,1.01601600,-0.07009242,-0.04496299,0.14140000,-0.55608000,-0.02037000,-0.69277989,-1.19804151,-0.45118386
1603788764.25936556,0.04880000,-0.00573400,1.01406400,0.06658768,-0.01681045,-0.03360000,-0.06608000,0.15463000,-0.68649518,-1.19891844,-0.44621456
1603788764.32102156,0.04770200,-0.00597800,1.01455200,-0.06401410,0.02583111,-0.10360000,-0.24108000,0.64463000,-0.68649518,-1.19891844,-0.44621456
1603788764.38208389,0.05038600,-0.00658800,1.01735800,-0.00084451,-0.02032911,0.07140000,-0.27608000,-0.05537000,-0.68897983,-1.19964923,-0.45308389
1603788764.44395804,0.04953200,-0.00646600,1.01601600,0.02596940,0.02294747,0.00140000,-0.10108000,0.29463000,-0.68561824,-1.19774920,-0.45016077
1603788764.50522232,0.04745800,-0.00854000,1.01064800,-0.05894991,0.27042034,-0.03360000,0.14392000,0.46963000,-0.68561824,-1.19774920,-0.45016077
1603788764.56678438,0.04831200,-0.00658800,1.01833400,-0.04111511,-0.04190943,0.07140000,-0.41608000,0.04963000,-0.68737211,-1.19584917,-0.45352236
1603788764.62800813,0.04794600,-0.00744200,1.01784600,-0.21828651,0.09565510,-0.38360000,0.03892000,0.57463000,-0.68737211,-1.19584917,-0.45542239
1603788764.69092584,0.04904400,-0.00597800,1.01516200,0.01833208,0.04476032,0.17640000,-0.31108000,0.04963000,-0.68971061,-1.20140310,-0.45542239
1603788764.75358534,0.04977600,-0.00561200,1.01748000,0.10883529,0.01322701,0.03640000,-0.20608000,-0.12537000,-0.68620286,-1.20286466,-0.45439930
1603788764.81725383,0.04770200,-0.00719800,1.01540600,0.12652452,0.10017738,-0.24360000,0.03892000,0.36463000,-0.68620286,-1.20286466,-0.45439930
1603788764.87980008,0.05075200,-0.00707600,1.01577200,-0.10255046,-0.03402713,0.14140000,-0.24108000,-0.02037000,-0.68824905,-1.19657995,-0.45615317
1603788764.94217467,0.05002000,-0.00695400,1.01552800,-0.00089819,-0.00011133,0.00140000,-0.13608000,0.22463000,-0.69263373,-1.19541070,-0.45513008
1603788765.00451899,0.04867800,-0.00573400,1.01845600,0.06710784,0.07032384,-0.10360000,-0.24108000,0.18963000,-0.69263373,-1.19541070,-0.45513008
1603788765.06682110,0.05038600,-0.00597800,1.01784600,0.05156300,-0.04118915,-0.06860000,-0.34608000,0.15463000,-0.69029524,-1.19921076,-0.45527624
1603788765.12925363,0.05197200,-0.00610000,1.01894400,0.04757476,0.01041726,0.07140000,-0.34608000,0.15463000,-0.69117217,-1.19161064,-0.45133002
1603788765.19157863,0.05233800,-0.00927200,1.01979800,-0.13013283,0.01966447,0.00140000,-0.17108000,0.15463000,-0.69117217,-1.19161064,-0.45133002
1603788765.25394082,0.04867800,-0.00646600,1.01894400,-0.21976997,0.29116753,0.00140000,-0.24108000,0.15463000,-0.68810289,-1.19497223,-0.45133002
1603788765.31630468,0.04916600,-0.00768600,1.01199000,-0.05831889,0.17039471,-0.06860000,0.38892000,0.92463000,-0.68810289,-1.19497223,-0.45133002
1603788765.37861943,0.05111800,-0.00646600,1.01662600,0.30740871,-0.38771266,-0.34860000,0.10892000,0.29463000,-0.69351067,-1.19234142,-0.44387606
1603788765.44098401,0.05185000,-0.00695400,1.01626000,0.10996353,0.07236274,-0.06860000,-0.17108000,0.81963000,-0.69380298,-1.19482607,-0.45556855
1603788765.50322866,0.05050800,-0.00793000,1.01601600,0.04536103,-0.04223527,-0.31360000,0.21392000,0.53963000,-0.69380298,-1.19482607,-0.45556855
1603788765.56556201,0.05087400,-0.00671000,1.01601600,-0.14706524,-0.05936616,-0.17360000,-0.17108000,0.25963000,-0.69380298,-1.19482607,-0.45162233
1603788765.62801933,0.04977600,-0.00707600,1.01931000,-0.00676649,0.02061719,0.24640000,-0.24108000,-0.12537000,-0.69073370,-1.19234142,-0.45059924
1603788765.69025517,0.05002000,-0.00610000,1.01687000,0.04851534,0.01127907,0.03640000,-0.17108000,0.15463000,-0.69073370,-1.19234142,-0.45059924
1603788765.75260258,0.04928800,-0.00707600,1.01650400,-0.00818283,-0.01686308,-0.34860000,-0.03108000,0.32963000,-0.69336451,-1.19628764,-0.45659164
1603788765.81496978,0.05087400,-0.00780800,1.01552800,-0.04986465,0.12464326,0.56140000,-0.80108000,-0.44037000,-0.69336451,-1.19628764,-0.45659164
1603788765.87712693,0.05002000,-0.00817400,1.02162800,-0.17702354,-0.00261815,0.10640000,-0.10108000,0.39963000,-0.69774920,-1.20023385,-0.45439930
1603788765.93960619,0.04977600,-0.00695400,1.02955800,0.04423098,0.35092900,0.07140000,0.03892000,0.39963000,-0.69029524,-1.19497223,-0.45644548
1603788766.00186610,0.04831200,-0.00756400,1.01565000,0.16791453,-0.33391031,-0.24360000,0.14392000,0.43463000,-0.69029524,-1.19497223,-0.45644548
1603788766.06421471,0.05026400,-0.00585600,1.01601600,0.07336484,0.09944292,-0.13860000,-0.20608000,0.64463000,-0.69438761,-1.19657995,-0.45629933
1603788766.12654638,0.04941000,-0.00756400,1.01552800,0.19715634,0.02106493,-0.31360000,-0.10108000,0.36463000,-0.69789535,-1.19847998,-0.45863783
1603788766.18879867,0.04941000,-0.00597800,1.01833400,0.12149331,0.02275815,-0.31360000,0.03892000,0.50463000,-0.69789535,-1.19847998,-0.45863783
1603788766.25127220,0.05002000,-0.00695400,1.01882200,-0.19055828,0.01170734,0.31640000,-0.62608000,-0.16037000,-0.69263373,-1.19365683,-0.45615317
1603788766.31475711,0.04892200,-0.00573400,1.01711400,0.03588245,0.02719349,-0.24360000,-0.13608000,0.22463000,-0.69190295,-1.19935691,-0.45819936
1603788766.37725854,0.04953200,-0.00646600,1.01699200,0.10241777,0.03126638,-0.03360000,-0.03108000,0.25963000,-0.69190295,-1.19935691,-0.45819936
1603788766.43969917,0.04953200,-0.00707600,1.01650400,-0.00881789,0.01994411,-0.27860000,-0.06608000,0.43463000,-0.69161064,-1.19643379,-0.45556855
1603788766.50192451,0.04904400,-0.00866200,1.01369800,-0.09603723,0.06002046,-0.38360000,0.00392000,0.60963000,-0.69161064,-1.19643379,-0.45556855
1603788766.56430793,0.04953200,-0.00719800,1.01845600,-0.01429016,0.02963663,0.00140000,-0.34608000,0.11963000,-0.69131833,-1.19716457,-0.45717626
1603788766.62668967,0.04916600,-0.00719800,1.01516200,-0.01560648,0.04122476,-0.03360000,-0.13608000,0.01463000,-0.69219526,-1.19614148,-0.45615317
1603788766.68920159,0.04953200,-0.00512400,1.01467400,0.10120283,-0.09070900,0.31640000,-0.55608000,-0.23037000,-0.69219526,-1.19614148,-0.45615317
1603788766.75163960,0.04916600,-0.00683200,1.01333200,0.05944180,0.06372977,0.10640000,-0.34608000,0.11963000,-0.69599532,-1.20038001,-0.46141479
1603788766.81440616,0.04892200,-0.00597800,1.02236000,-0.09482113,0.36777504,-0.20860000,0.45892000,0.78463000,-0.69073370,-1.19570301,-0.45147618
1603788766.87667561,0.04977600,-0.00695400,1.01711400,-0.24135591,0.08091763,0.14140000,-0.17108000,-0.09037000,-0.69073370,-1.19570301,-0.45147618
1603788766.93908024,0.04904400,-0.00756400,1.01674800,0.23974232,0.20795093,0.28140000,-0.38108000,-0.37037000,-0.69321836,-1.19672610,-0.46170710
1603788767.00134110,0.04941000,-0.00573400,1.01894400,0.19800428,-0.20029401,-0.27860000,0.03892000,0.46963000,-0.69321836,-1.19672610,-0.46170710
1603788767.06388307,0.04989800,-0.00646600,1.01809000,-0.07699741,0.04423842,0.10640000,-0.24108000,0.08463000,-0.69599532,-1.19526454,-0.46083017
1603788767.12645173,0.05111800,-0.00573400,1.01528400,-0.02443257,-0.08257231,0.17640000,-0.48608000,-0.12537000,-0.69131833,-1.19614148,-0.45673780
1603788767.18890262,0.04819000,-0.00841800,1.01552800,-0.22114058,0.09985158,-0.34860000,0.00392000,0.53963000,-0.69131833,-1.19614148,-0.45673780
1603788767.25134611,0.04843400,-0.00610000,1.01943200,-0.00836072,0.08505977,-0.13860000,-0.06608000,0.32963000,-0.69263373,-1.19146448,-0.45629933
