1603799485.36855078,0.00268400,-0.01134600,1.03858600,0.12959657,0.07453333,0.16101750,0.72035250,0.21192500,0.74641918,-0.16062555,0.39096755
1603799485.43069410,0.00317200,-0.01171200,1.03395000,0.05857316,-0.04083331,0.16101750,0.09035250,0.14192500,0.74641918,-0.16062555,0.39096755
1603799485.49208593,0.00109800,-0.00976000,1.03602400,-0.00298895,0.03435924,0.09101750,0.16035250,0.21192500,0.73984215,-0.16939491,0.38614440
1603799485.55345201,0.00390400,-0.00927200,1.03285200,0.07292007,-0.07446262,0.12601750,0.33535250,0.21192500,0.73940368,-0.16194095,0.38453669
1603799485.61467552,0.00280600,-0.01159000,1.03395000,-0.16215216,-0.03354918,0.19601750,0.23035250,0.24692500,0.73940368,-0.16194095,0.38453669
1603799485.67578888,0.00146400,-0.01171200,1.03468200,-0.06604907,0.01306282,-0.01398250,0.44035250,0.24692500,0.74773458,-0.15945630,0.39272143
1603799485.73699856,0.00244000,-0.00902800,1.03504800,0.08751746,-0.09436326,0.05601750,0.79035250,0.24692500,0.74773458,-0.15945630,0.39272143
1603799485.79816890,0.00280600,-0.01146800,1.03602400,0.12884468,-0.07380710,-0.04898250,0.40535250,0.17692500,0.73998831,-0.16413329,0.38819059
1603799485.86259317,0.00170800,-0.00988200,1.03260800,0.03895370,-0.02711869,0.23101750,0.54535250,0.14192500,0.74130371,-0.16515639,0.39067524
1603799485.92398190,0.00158600,-0.01049200,1.03639000,0.06032477,-0.21602590,0.12601750,0.44035250,0.21192500,0.74130371,-0.16515639,0.39067524
1603799485.98513985,0.00231800,-0.01037000,1.03675600,0.01323539,-0.03358395,0.23101750,0.09035250,0.03692500,0.73618825,-0.16091786,0.38877521
1603799486.04636765,0.00170800,-0.01281000,1.02797200,-0.12669700,0.14231929,0.02101750,0.47535250,0.21192500,0.73618825,-0.16091786,0.38877521
1603799486.10872293,0.00329400,-0.01073600,1.03029000,-0.09795308,-0.09523012,0.23101750,-0.25964750,-0.13807500,0.73984215,-0.16778720,0.39023677
1603799486.17101431,0.00146400,-0.01049200,1.03236400,-0.08980851,-0.04068545,0.09101750,0.93035250,0.35192500,0.73940368,-0.16457176,0.39491377
1603799486.23357272,0.00097600,-0.01207800,1.03517000,-0.05307845,-0.16140429,0.05601750,0.54535250,0.00192500,0.73940368,-0.16457176,0.39491377
1603799486.29597926,0.00036600,-0.01000400,1.03321800,0.07509565,0.06102972,0.09101750,0.30035250,0.03692500,0.74232681,-0.16661795,0.38687518
1603799486.35828638,0.00195200,-0.01049200,1.03395000,0.13393114,-0.01353108,0.02101750,0.33535250,0.14192500,0.73706519,-0.16544870,0.39111371
1603799486.42072988,0.00061000,-0.00817400,1.03578000,0.09531138,0.06102962,0.33601750,0.02035250,-0.10307500,0.73706519,-0.16544870,0.39111371
1603799486.48298931,0.00305000,-0.00988200,1.03358400,0.03471187,-0.07581118,0.37101750,-0.36464750,-0.24307500,0.74188834,-0.16939491,0.38599825
1603799486.54543591,0.00244000,-0.01073600,1.03334000,-0.00167779,-0.03912185,0.05601750,0.40535250,0.21192500,0.74188834,-0.16939491,0.38599825
1603799486.60790730,0.00158600,-0.01049200,1.03114400,-0.01392420,-0.00314048,0.47601750,-0.32964750,-0.17307500,0.74437299,-0.16617948,0.39009062
1603799486.67028022,0.00317200,-0.00829600,1.03236400,0.12684643,-0.24380879,-0.01398250,0.44035250,0.14192500,0.74378837,-0.16501023,0.38965215
1603799486.73267889,0.00183000,-0.00988200,1.03297400,-0.13677202,0.13532231,-8.86898250,0.68535250,0.52692500,0.74378837,-0.16501023,0.38965215
1603799486.79528928,0.00170800,-0.00866200,1.04773600,0.08022461,0.18145130,0.09101750,0.61535250,0.35192500,0.74159602,-0.16194095,0.38819059
1603799486.85774779,0.00390400,-0.01061400,1.03334000,0.08769450,-0.10779776,0.19601750,0.30035250,0.10692500,0.74159602,-0.16194095,0.38819059
1603799486.92015696,0.00231800,-0.01122400,1.03395000,0.10862154,-0.06706543,0.09101750,0.33535250,0.59692500,0.74334990,-0.15960246,0.38687518
1603799486.98252916,0.00146400,-0.00951600,1.03553600,0.18711646,-0.19011804,0.19601750,0.33535250,0.14192500,0.74174218,-0.16632564,0.39169833
1603799487.04512954,0.00207400,-0.01146800,1.03456000,0.08816280,-0.01993066,-0.01398250,0.72035250,0.31692500,0.74174218,-0.16632564,0.39169833
1603799487.10768628,0.00268400,-0.01122400,1.03236400,0.01221928,-0.05410610,0.19601750,0.05535250,0.10692500,0.74422683,-0.16194095,0.38833674
1603799487.17017245,0.00256200,-0.01012600,1.03541400,0.02825646,-0.04670694,0.12601750,0.09035250,0.00192500,0.73911137,-0.16427945,0.38146741
1603799487.23268676,0.00170800,-0.01134600,1.03443800,-0.04368650,-0.00025443,-0.04898250,0.58035250,0.35192500,0.73911137,-0.16427945,0.38146741
1603799487.29505420,0.00219600,-0.00988200,1.03480400,0.04011720,-0.02686015,0.23101750,0.05535250,0.00192500,0.74115756,-0.16632564,0.38453669
1603799487.35744524,0.00085400,-0.00890600,1.03651200,0.09496423,0.02728783,0.19601750,0.16035250,-0.03307500,0.74115756,-0.16632564,0.38453669
1603799487.41980410,0.00134200,-0.00976000,1.03224200,0.12678540,-0.04747803,0.02101750,-0.11964750,-0.17307500,0.73896521,-0.16354867,0.38643671
1603799487.48211217,0.00012200,-0.01085800,1.03370600,-0.05512453,0.17586461,0.19601750,1.17535250,0.70192500,0.73750365,-0.16910260,0.38687518
1603799487.54460049,0.00097600,-0.01073600,1.03346200,-0.11815866,0.05441562,0.12601750,0.30035250,0.21192500,0.73750365,-0.16910260,0.38687518
1603799487.60690856,0.00109800,-0.01061400,1.03456000,0.15779846,0.06745714,-0.01398250,0.68535250,0.45692500,0.74028062,-0.16574101,0.39038293
1603799487.66924691,0.00317200,-0.00927200,1.03419400,-0.04881124,-0.08120550,0.12601750,0.12535250,0.03692500,0.74028062,-0.16574101,0.39038293
1603799487.73163319,0.00329400,-0.01024800,1.03297400,0.18480951,-0.08637458,0.05601750,0.51035250,0.10692500,0.74086524,-0.16530254,0.38512131
1603799487.79399133,0.00134200,-0.00976000,1.03480400,0.04820530,0.02060585,0.26601750,0.26535250,0.14192500,0.73838059,-0.16530254,0.37839813
1603799487.85632300,0.00219600,-0.01207800,1.03565800,-0.08303887,-0.02714473,-0.08398250,0.61535250,0.42192500,0.73838059,-0.16530254,0.37839813
1603799487.91874886,0.00268400,-0.01012600,1.03590200,0.02720371,-0.06721578,0.33601750,0.23035250,-0.06807500,0.74261912,-0.16632564,0.38892137
1603799487.98105597,0.00341600,-0.00683200,1.02711800,0.20615084,-0.08902084,0.26601750,-0.01464750,-0.03307500,0.74261912,-0.16574101,0.38906752
1603799488.04345083,0.00207400,-0.01061400,1.03931800,0.15683015,-0.30207174,0.19601750,0.61535250,0.10692500,0.74261912,-0.16574101,0.38906752
1603799488.10577965,0.00244000,-0.01098000,1.00369400,0.07818197,0.05399869,0.26601750,0.19535250,0.17692500,0.74203449,-0.16632564,0.39067524
1603799488.16818571,0.00183000,-0.00902800,1.03419400,0.02845184,0.07452653,0.23101750,-0.04964750,0.21192500,0.74203449,-0.16632564,0.39067524
1603799488.23070955,0.00122000,-0.01085800,1.03492600,0.06230207,-0.14082846,0.05601750,0.44035250,0.21192500,0.73852675,-0.16881029,0.39125987
1603799488.29309869,0.00219600,-0.01061400,1.03456000,0.12743713,-0.02699093,-0.08398250,0.68535250,0.28192500,0.74144987,-0.16223327,0.39286758
1603799488.35538769,0.00183000,-0.01195600,1.03260800,-0.02778850,-0.00665474,0.05601750,0.44035250,0.17692500,0.74144987,-0.16223327,0.39286758
1603799488.41783834,0.00292800,-0.01122400,1.03321800,-0.03089941,-0.06653041,0.09101750,0.68535250,0.28192500,0.74481146,-0.16252558,0.39184449
1603799488.48034000,0.00244000,-0.00963800,1.03492600,0.05544436,-0.03990947,0.33601750,0.05535250,-0.13807500,0.74481146,-0.16252558,0.39184449
1603799488.54293275,0.00292800,-0.01122400,1.03651200,-0.03315471,-0.06711872,0.02101750,0.68535250,0.24692500,0.73764981,-0.16427945,0.38541362
1603799488.60538960,-0.02818200,-0.01098000,1.03956200,-0.01789039,0.12834230,-0.01398250,0.51035250,0.14192500,0.73604209,-0.16194095,0.38599825
1603799488.66787720,0.00268400,-0.00866200,1.02955800,0.10522069,-0.13610647,0.30101750,-0.01464750,-0.03307500,0.73604209,-0.16194095,0.38599825
1603799488.73029470,0.00207400,-0.01171200,1.02260400,0.32066912,-0.09666944,0.02101750,0.16035250,0.03692500,0.73721134,-0.16047939,0.38555978
1603799488.79268718,0.00195200,-0.01012600,1.03602400,-0.01519551,-0.02711754,-0.08398250,0.51035250,0.45692500,0.74042678,-0.16296405,0.38088278
1603799488.85500693,0.00219600,-0.01037000,1.03382800,-0.05461214,-0.06573932,0.26601750,0.30035250,0.45692500,0.74042678,-0.16296405,0.38088278
1603799488.91755724,0.00195200,-0.01146800,1.03431600,0.01965225,0.06769567,0.12601750,0.44035250,0.14192500,0.73691903,-0.16442561,0.38570593
1603799488.97991109,0.00207400,-0.01159000,1.03541400,-0.00779438,-0.02022652,-0.01398250,0.44035250,0.21192500,0.73691903,-0.16442561,0.38570593
1603799489.04230213,0.00195200,-0.01000400,1.03468200,0.04648880,-0.01342747,0.09101750,0.23035250,0.17692500,0.74071909,-0.16398714,0.38833674
1603799489.10477352,0.00280600,-0.01085800,1.03370600,-0.01356213,-0.06054035,0.16101750,0.23035250,0.03692500,0.74013446,-0.16501023,0.38263666
1603799489.16725945,0.00183000,-0.01061400,1.03456000,-0.00013207,-0.00654774,0.37101750,-0.08464750,-0.13807500,0.74013446,-0.16501023,0.38263666
1603799489.23603606,0.00073200,-0.01037000,1.03529200,-0.19738761,0.05448712,0.40601750,-0.11964750,-0.06807500,0.74320374,-0.15916399,0.38336744
1603799489.29847550,0.00378200,-0.01110200,1.03541400,-0.02829360,-0.11496432,-0.04898250,0.51035250,0.28192500,0.74028062,-0.16661795,0.38161356
1603799489.36073065,0.00183000,-0.01061400,1.03407200,-0.00033978,-0.00658355,0.09101750,0.40535250,0.17692500,0.74028062,-0.16661795,0.38161356
1603799489.42309451,0.00317200,-0.01073600,1.03919600,-0.00465218,0.08127169,0.02101750,0.47535250,0.38692500,0.74305759,-0.16530254,0.38102894
1603799489.48533249,0.00195200,-0.01403000,1.04017200,-0.18551281,-0.01950773,0.19601750,0.44035250,0.21192500,0.74305759,-0.16530254,0.38102894
1603799489.54778266,0.00219600,-0.00951600,1.04005000,-0.11168633,0.00735855,0.16101750,0.09035250,0.17692500,0.73779597,-0.16457176,0.38059047
1603799489.61019802,0.00134200,-0.01061400,1.03541400,-0.20362760,-0.05942616,0.23101750,0.16035250,0.03692500,0.73969600,-0.16822567,0.38219819
1603799489.67248201,0.00146400,-0.00951600,1.03468200,-0.10391242,0.18866644,0.23101750,0.16035250,0.24692500,0.73969600,-0.16822567,0.38219819
1603799489.73492146,0.00207400,-0.01024800,1.03395000,0.20190702,0.02711977,-0.01398250,0.68535250,0.42192500,0.73896521,-0.15828705,0.38468284
1603799489.79739666,0.00170800,-0.01012600,1.03529200,-0.08496413,0.00061555,0.09101750,0.23035250,0.17692500,0.73896521,-0.15828705,0.38468284
1603799489.85964084,0.00195200,-0.01024800,1.03346200,0.01689544,-0.01391398,0.02101750,0.54535250,0.28192500,0.73633441,-0.16398714,0.38658287
1603799489.92197967,0.00158600,-0.01012600,1.03529200,0.02733401,0.00702704,0.30101750,-0.22464750,-0.10307500,0.74598071,-0.16603332,0.38453669
1603799489.98426318,0.00231800,-0.00951600,1.03358400,0.04332294,-0.00290322,0.54601750,-0.46964750,-0.34807500,0.74598071,-0.16603332,0.38453669
1603799490.04751396,0.00280600,-0.01073600,1.03431600,-0.00478904,-0.06001187,0.19601750,0.09035250,0.00192500,0.74203449,-0.16311020,0.38994446
1603799490.10996556,0.00134200,-0.01159000,1.03224200,-0.05603437,-0.04070237,0.33601750,-0.15464750,-0.27807500,0.73867290,-0.16237942,0.39096755
1603799490.17234111,0.00122000,-0.00744200,1.02980200,0.17320481,0.07436099,0.19601750,0.44035250,0.28192500,0.73867290,-0.16237942,0.39096755
1603799490.23477983,0.00280600,-0.00976000,1.03163200,-0.05641614,0.03374593,-8.76398250,0.86035250,0.35192500,0.73794212,-0.16369483,0.38380590
1603799490.29741740,0.00256200,-0.00854000,1.04285600,-0.02938324,0.06121165,0.12601750,0.51035250,0.21192500,0.73794212,-0.16369483,0.38380590
1603799490.35968828,0.00231800,-0.01061400,1.03456000,0.08129935,-0.00646564,0.05601750,0.33535250,0.07192500,0.74218065,-0.16340251,0.38424437
1603799490.42208028,0.00317200,-0.00951600,1.03456000,0.05594404,-0.05323368,0.16101750,0.19535250,0.38692500,0.73691903,-0.16237942,0.38292897
1603799490.48432994,0.00219600,-0.00878400,1.03468200,-0.07345825,-0.02662870,0.30101750,0.05535250,0.17692500,0.73691903,-0.16237942,0.38292897
1603799490.54667258,0.00073200,-0.00939400,1.03517000,-0.09824711,0.05440126,0.12601750,0.30035250,0.17692500,0.74218065,-0.16223327,0.38190588
1603799490.60903382,0.00231800,-0.01171200,1.03553600,-0.06203809,-0.03377906,0.19601750,0.12535250,0.10692500,0.74218065,-0.16223327,0.38190588
1603799490.67131543,0.00292800,-0.00988200,1.03736600,0.04146933,-0.06698763,0.33601750,-0.36464750,-0.10307500,0.74349605,-0.16325636,0.38789828
1603799490.73371220,0.00146400,-0.01159000,1.03919600,-0.07152902,0.05311747,0.09101750,0.44035250,0.24692500,0.74539608,-0.16077170,0.37854429
1603799490.79641294,0.00085400,-0.01195600,1.03151000,-0.07681948,0.05406725,0.26601750,-0.18964750,-0.06807500,0.74539608,-0.16077170,0.37854429
1603799490.85862780,0.00439200,-0.01085800,1.03480400,0.12793102,-0.22274698,0.05601750,-0.18964750,-0.06807500,0.73823443,-0.16544870,0.37971353
1603799490.92108679,0.00219600,-0.01000400,1.03346200,0.03940553,0.10148729,0.02101750,0.58035250,0.17692500,0.73560362,-0.15887167,0.38190588
1603799490.98362064,0.00305000,-0.00890600,1.03431600,-0.10034368,0.02731400,0.33601750,0.05535250,0.17692500,0.73560362,-0.15887167,0.38190588
1603799491.04598761,0.00329400,-0.00988200,1.03614600,-0.05225645,0.00048225,0.12601750,0.44035250,0.24692500,0.73969600,-0.16442561,0.38029816
1603799491.10842633,0.00305000,-0.01049200,1.03358400,0.12459887,-0.07536802,-0.08398250,0.79035250,0.38692500,0.73969600,-0.16442561,0.38029816
1603799491.17078924,0.00195200,-0.01122400,1.03334000,-0.05421562,-0.01331080,0.05601750,0.44035250,0.24692500,0.73297281,-0.16720257,0.39038293
1603799491.23311329,0.00170800,-0.01024800,1.03456000,0.01655705,-0.00039063,0.37101750,-0.15464750,0.03692500,0.73984215,-0.16413329,0.39330605
1603799491.29562306,0.00292800,-0.01183400,1.03407200,-0.07004134,-0.06790236,0.23101750,0.30035250,0.10692500,0.73984215,-0.16413329,0.39330605
1603799491.35797930,0.00122000,-0.01098000,1.03602400,-0.01995503,-0.04695554,0.19601750,0.40535250,0.14192500,0.74042678,-0.16150248,0.38994446
1603799491.42038250,0.00280600,-0.01354200,1.03663400,-0.16118311,0.00707161,-0.08398250,0.86035250,0.35192500,0.74042678,-0.16150248,0.38994446
1603799491.48267889,0.00158600,-0.00963800,1.03602400,0.02727564,-0.21562168,0.16101750,-0.11964750,-0.17307500,0.74539608,-0.16559486,0.38745981
1603799491.54527164,0.00341600,-0.01073600,1.03053400,-0.07066599,0.02689861,0.16101750,0.23035250,0.24692500,0.73706519,-0.16413329,0.38175972
1603799491.60786009,0.00146400,-0.01000400,1.00369400,0.09686229,-0.11641454,0.09101750,0.37035250,0.00192500,0.73706519,-0.16413329,0.38175972
1603799491.67019176,0.00292800,-0.01183400,1.03639000,0.02561566,-0.04060843,0.23101750,0.44035250,0.35192500,0.73984215,-0.16237942,0.38146741
1603799491.73262978,0.00280600,-0.00890600,1.03395000,0.05249049,0.01349524,0.30101750,0.05535250,0.07192500,0.74086524,-0.16764104,0.39140602
1603799491.79510379,0.00122000,-0.01000400,1.03517000,-0.03062771,1.72930826,0.12601750,0.44035250,0.10692500,0.74086524,-0.16764104,0.39140602
1603799491.85747480,0.00329400,-0.00976000,1.03285200,0.04334646,-0.08884220,0.26601750,0.30035250,0.14192500,0.74232681,-0.16924876,0.39505992
1603799491.91990066,0.00158600,-0.01073600,1.03504800,-0.00997980,0.00649782,0.02101750,0.44035250,0.28192500,0.74232681,-0.16924876,0.39505992
1603799491.98218584,0.00109800,-0.01122400,1.03309600,-0.05461102,0.03193409,0.33601750,0.12535250,0.10692500,0.73998831,-0.16851798,0.39535224
1603799492.04453444,0.00317200,-0.00927200,1.02943600,0.07121264,-0.04107456,0.37101750,0.02035250,-0.03307500,0.73531131,-0.16369483,0.39345221
1603799492.10690093,0.00207400,-0.01085800,1.03029000,-0.08438879,0.00653043,0.12601750,0.19535250,0.03692500,0.73531131,-0.16369483,0.39345221
1603799492.16909575,0.00170800,-0.01000400,1.03626800,-0.15470348,0.16217257,0.09101750,0.37035250,0.07192500,0.73984215,-0.16881029,0.38731365
1603799492.23146343,0.00280600,-0.00902800,1.03395000,0.14700288,-0.27102136,0.12601750,0.65035250,-0.24307500,0.73984215,-0.16881029,0.38731365
1603799492.29396081,0.00256200,-0.01159000,1.03309600,0.04769977,-0.08062866,-0.04898250,0.61535250,0.21192500,0.74086524,-0.16837182,0.39739842
1603799492.35623622,0.00146400,-0.00963800,1.03431600,-0.01913635,0.01296497,0.09101750,0.44035250,0.14192500,0.73808828,-0.16281789,0.39257527
1603799492.41867208,0.00366000,-0.01159000,1.03419400,-0.05656471,-0.10858319,0.16101750,0.30035250,0.24692500,0.73808828,-0.16281789,0.39257527
1603799492.48093343,0.00122000,-0.00915000,1.03321800,0.07938547,0.02700903,0.26601750,-0.15464750,-0.13807500,0.73706519,-0.16398714,0.39330605
1603799492.54331851,0.00158600,-0.01110200,1.03273000,-0.02866055,0.00673784,0.26601750,-0.04964750,0.00192500,0.74071909,-0.16354867,0.39374452
1603799492.60562992,0.00280600,-0.00719800,1.03431600,0.18853405,-0.23641486,0.37101750,0.30035250,-0.10307500,0.74071909,-0.16354867,0.39374452
1603799492.66789007,0.00280600,-0.01110200,1.02321400,0.26617930,-0.16486725,-0.01398250,0.23035250,0.03692500,0.73867290,-0.16018708,0.38555978
1603799492.73021483,0.00244000,-0.00988200,1.03675600,0.10182833,-0.20866442,-0.01398250,0.30035250,0.17692500,0.73867290,-0.16018708,0.38555978
1603799492.79249573,0.00097600,-0.00951600,1.03431600,0.06780847,-0.03344915,0.12601750,0.37035250,0.17692500,0.73764981,-0.16427945,0.39228296
1603799492.85471106,0.00146400,-0.01012600,1.03419400,-0.05595950,0.01347762,0.16101750,0.12535250,0.10692500,0.74130371,-0.16807951,0.39301374
1603799492.91713929,0.00231800,-0.01012600,1.03504800,-0.03764191,-0.03432811,-0.01398250,0.75535250,0.35192500,0.74130371,-0.16807951,0.39301374
1603799492.97936559,0.00317200,-0.01110200,1.00113200,0.02368587,-0.05465318,-0.11898250,0.02035250,0.07192500,0.74057293,-0.16588717,0.39827536
1603799493.04429388,0.00158600,-0.00988200,1.03480400,-0.16427544,-0.08807546,-0.04898250,0.47535250,0.21192500,0.74057293,-0.16588717,0.39827536
1603799493.10667706,0.00353800,-0.00939400,1.03199800,-0.02110292,0.06092692,0.16101750,0.19535250,0.31692500,0.73574978,-0.16384098,0.39213680
1603799493.16925764,0.00231800,-0.01110200,1.03260800,0.08173853,-0.11021226,0.16101750,0.33535250,0.17692500,0.73574978,-0.16705642,0.39345221
1603799493.23163986,0.00353800,-0.00927200,1.03334000,-0.24990571,-0.10105671,0.33601750,0.02035250,0.07192500,0.73574978,-0.16705642,0.39345221
1603799493.29394865,0.00414800,-0.01183400,1.03468200,-0.06864248,-0.13517329,0.26601750,0.26535250,0.10692500,0.73487284,-0.16939491,0.39009062
1603799493.35619116,0.00353800,-0.00988200,1.03224200,0.04358016,-0.09992194,0.16101750,0.16035250,0.03692500,0.73662672,-0.16910260,0.38862906
1603799493.41860604,0.00109800,-0.00939400,1.03578000,0.06762434,0.00024714,0.19601750,0.37035250,0.17692500,0.73662672,-0.16910260,0.38862906
1603799493.48077512,0.00244000,-0.01000400,1.02894800,-0.06488380,-0.10906496,0.05601750,0.47535250,0.14192500,0.73019585,-0.17012569,0.39155218
1603799493.54312634,0.00256200,-0.01012600,1.03553600,0.13500185,-0.12802501,-0.01398250,0.89535250,0.42192500,0.73019585,-0.17012569,0.39155218
1603799493.60546684,0.00073200,-0.01037000,1.03492600,-0.00096053,-0.12162730,0.16101750,0.16035250,0.31692500,0.73852675,-0.16691026,0.38877521
1603799493.66764832,0.00317200,-0.01085800,1.03187600,-0.06666769,-0.08918770,0.09101750,0.33535250,0.14192500,0.73881906,-0.16413329,0.39228296
1603799493.72996807,0.00414800,-0.01012600,1.03321800,0.10085244,-0.13496320,0.16101750,0.19535250,0.14192500,0.73881906,-0.16413329,0.39228296
1603799493.79229641,0.00280600,-0.01000400,1.03443800,0.03557488,-0.06001296,0.30101750,0.19535250,0.07192500,0.74115756,-0.16793335,0.38760596
1603799493.85455155,0.00146400,-0.01073600,1.03395000,-0.00835730,0.01350568,0.19601750,-0.01464750,-0.03307500,0.74115756,-0.16793335,0.38760596
1603799493.91687036,0.00256200,-0.00878400,1.03492600,0.10096387,0.00016870,0.09101750,0.47535250,0.17692500,0.73838059,-0.17187957,0.39447530
1603799493.97907948,0.00231800,-0.00646600,1.03346200,0.22878797,-0.31785008,-8.93898250,0.93035250,0.38692500,0.73852675,-0.16603332,0.39111371
1603799494.04137850,0.00207400,-0.00915000,1.03212000,-0.13059969,0.07440779,0.23101750,-0.18964750,-0.13807500,0.73852675,-0.16603332,0.39111371
1603799494.10375977,0.00341600,-0.01037000,0.99979000,0.13167851,-0.23845593,0.05601750,0.33535250,0.24692500,0.74554224,-0.16603332,0.38424437
1603799494.16599298,0.00109800,-0.01012600,1.03553600,-0.06119254,-0.13492969,0.02101750,0.23035250,0.14192500,0.74130371,-0.16910260,0.39505992
1603799494.22834849,0.00353800,-0.01012600,1.03382800,0.01208489,-0.10150710,-0.04898250,0.51035250,0.24692500,0.74130371,-0.16910260,0.39505992
1603799494.29076266,0.00256200,-0.01085800,1.03456000,-0.13531936,-0.04708582,0.12601750,0.33535250,0.10692500,0.74144987,-0.16442561,0.38760596
1603799494.35304499,0.00170800,-0.01061400,1.03285200,0.00269191,0.00065812,0.05601750,0.47535250,0.28192500,0.74144987,-0.16442561,0.38760596
1603799494.41544151,0.00207400,-0.01049200,1.03273000,0.00517895,-0.02033542,0.26601750,0.16035250,-0.03307500,0.74218065,-0.16442561,0.38921368
1603799494.47782183,0.00256200,-0.01037000,1.03321800,0.10618595,0.05407076,0.26601750,-0.15464750,-0.03307500,0.74086524,-0.16924876,0.39637533
1603799494.54273725,0.00256200,-0.01061400,1.03273000,0.04469731,-0.04769506,0.19601750,0.33535250,0.10692500,0.74086524,-0.16924876,0.39637533
1603799494.60520577,0.00280600,-0.01146800,1.03224200,0.01858126,-0.06098155,0.26601750,0.05535250,0.03692500,0.75021923,-0.16398714,0.39769073
1603799494.66759992,0.00170800,-0.01122400,1.03431600,-0.03513411,0.00001457,0.19601750,-0.01464750,0.07192500,0.75021923,-0.16398714,0.39769073
1603799494.72991514,0.00134200,-0.01122400,1.03443800,-0.03440046,0.02039714,0.16101750,0.23035250,-0.06807500,0.73984215,-0.16325636,0.39564455
1603799494.79223490,0.00170800,-0.00976000,1.03126600,0.04501806,-0.04083301,0.23101750,0.19535250,0.00192500,0.74042678,-0.16501023,0.39959076
1603799494.85445189,0.00329400,-0.00976000,1.02345800,0.16381367,-0.17846142,0.05601750,0.47535250,0.17692500,0.74042678,-0.16501023,0.39959076
1603799494.91677523,0.00183000,-0.01049200,1.04419800,-0.10890863,-0.05253767,0.05601750,0.47535250,0.28192500,0.74261912,-0.16691026,0.39637533
1603799494.97912145,0.00341600,-0.01061400,1.03370600,0.13457361,-0.06742853,0.09101750,0.47535250,0.17692500,0.74627302,-0.16778720,0.39579070
1603799495.04138541,0.00207400,-0.01122400,1.03492600,0.00366166,0.16936799,0.19601750,0.12535250,0.17692500,0.74627302,-0.16778720,0.39579070
1603799495.10368991,0.00256200,-0.01171200,1.03395000,-0.07454789,-0.04708764,0.16101750,0.23035250,0.17692500,0.73954984,-0.15857936,0.40192926
1603799495.16589594,0.00317200,-0.01134600,1.03370600,-0.04271471,-0.08139291,0.05601750,0.26535250,0.21192500,0.73954984,-0.15857936,0.40192926
1603799495.22820044,0.00244000,-0.01012600,1.03553600,0.02700510,-0.04027364,0.12601750,0.40535250,0.24692500,0.74057293,-0.16413329,0.39710611
1603799495.29064536,0.00280600,-0.01037000,1.03456000,0.01296532,-0.06066926,0.12601750,0.23035250,0.24692500,0.74232681,-0.16340251,0.39608302
1603799495.35290408,0.00195200,-0.01366400,1.03773200,-0.16712631,0.02063513,0.12601750,0.40535250,-0.03307500,0.74232681,-0.16340251,0.39608302
1603799495.41523290,0.00146400,-0.01037000,1.02833800,0.10464603,-0.02762589,0.12601750,0.05535250,-0.06807500,0.74218065,-0.16369483,0.39520608
1603799495.47749472,0.00219600,-0.01073600,1.03285200,-0.16818956,0.25659994,0.23101750,0.26535250,0.35192500,0.74218065,-0.16369483,0.39520608
1603799495.53992391,0.00244000,-0.01232200,1.03346200,0.03165903,0.02696952,0.12601750,0.47535250,0.56192500,0.74028062,-0.17304882,0.39301374
1603799495.60221958,0.00329400,-0.00841800,1.03456000,-0.17962145,1.64897662,0.26601750,0.23035250,0.10692500,0.74042678,-0.16457176,0.38672903
1603799495.66442561,0.00256200,-0.00963800,1.03517000,0.04521057,-0.04756034,0.09101750,0.40535250,0.10692500,0.74042678,-0.16457176,0.38672903
1603799495.72673512,0.00097600,-0.01085800,1.03419400,-0.01243360,0.04082040,0.26601750,0.33535250,-0.03307500,0.74408068,-0.16588717,0.39242911
1603799495.78902674,0.00329400,-0.01024800,1.03358400,0.01918704,-0.11491661,-0.01398250,0.54535250,0.42192500,0.74349605,-0.16515639,0.39959076
1603799495.85128093,0.00183000,-0.01073600,1.03419400,-0.00751084,-0.11479197,0.09101750,0.37035250,0.21192500,0.74349605,-0.16515639,0.39959076
1603799495.91360855,0.00195200,-0.01000400,1.02809400,-0.01783957,-0.06164570,0.19601750,0.30035250,0.07192500,0.74364221,-0.16559486,0.39798305
1603799495.97883630,0.00073200,-0.01159000,1.03419400,-0.07910324,0.05433952,0.23101750,-0.15464750,-0.06807500,0.74364221,-0.16559486,0.39798305
1603799496.04220343,0.00256200,-0.01073600,1.03370600,-0.00382251,-0.04794719,0.26601750,0.23035250,0.03692500,0.73662672,-0.16501023,0.39140602
1603799496.10474920,0.00158600,-0.00805200,1.03468200,-0.07377007,0.00703901,0.26601750,-0.04964750,0.10692500,0.73896521,-0.16778720,0.38921368
1603799496.16719556,0.00292800,-0.01134600,1.03260800,-0.03615585,-0.06615292,0.02101750,0.65035250,0.28192500,0.73896521,-0.16778720,0.38921368
1603799496.22956538,0.00183000,-0.01037000,1.03443800,0.01424787,-0.00639309,0.26601750,-0.01464750,0.17692500,0.74144987,-0.16150248,0.39169833
1603799496.29192209,0.00341600,-0.00854000,1.03102200,0.11268227,-0.06120498,0.05601750,0.37035250,-0.03307500,0.74144987,-0.16822567,0.39272143
1603799496.35416961,0.00146400,-0.01122400,1.03358400,-0.03491285,-0.04052709,0.02101750,0.37035250,0.14192500,0.73662672,-0.16822567,0.39272143
1603799496.41655421,0.00219600,-0.01024800,1.03651200,0.02753136,0.15541561,0.16101750,0.75535250,0.42192500,0.74057293,-0.16968723,0.39286758
1603799496.47880149,0.00280600,-0.01232200,1.03431600,-0.31055569,0.19597638,0.26601750,-0.01464750,0.03692500,0.74057293,-0.16968723,0.39286758
1603799496.54118824,0.00268400,-0.01012600,1.03370600,0.00386870,0.04045646,0.02101750,0.58035250,0.00192500,0.73925753,-0.17027185,0.39476761
1603799496.60357904,0.00183000,-0.01049200,1.03407200,0.00961387,-0.00602553,-0.08398250,0.58035250,0.31692500,0.74101140,-0.16544870,0.39096755
1603799496.66583705,0.00329400,-0.01061400,1.03334000,-0.11078305,-0.08649289,-0.15398250,0.82535250,0.56192500,0.74101140,-0.16544870,0.39096755
1603799496.72817397,0.00134200,-0.01110200,1.03517000,-0.02598056,0.02059810,0.23101750,0.16035250,-0.10307500,0.74349605,-0.16354867,0.39374452
1603799496.79076934,0.00146400,-0.00951600,1.03431600,0.05857221,0.01338945,0.02101750,0.30035250,0.10692500,0.74349605,-0.16354867,0.39374452
1603799496.85303855,0.00219600,-0.01232200,1.03517000,-0.09472556,-0.02006201,0.19601750,-0.08464750,0.00192500,0.74174218,-0.16544870,0.39286758
1603799496.91538429,0.00183000,-0.01110200,1.03639000,-0.02648633,0.10821237,-0.18898250,1.35035250,0.70192500,0.73896521,-0.16486407,0.39257527
1603799496.97773814,0.00195200,-0.01073600,1.03443800,-0.10196034,0.32445673,-0.08398250,0.58035250,0.38692500,0.73896521,-0.16486407,0.39257527
1603799497.04011393,0.00280600,-0.01012600,1.03321800,0.30311440,-0.20294537,-0.01398250,0.37035250,0.07192500,0.73896521,-0.16252558,0.39082140
1603799497.10242152,0.00183000,-0.01049200,1.03504800,0.00907459,-0.11368626,0.12601750,0.30035250,0.00192500,0.73896521,-0.16252558,0.38979830
1603799497.16456223,0.00122000,-0.00963800,1.03309600,0.07243173,0.02698509,0.02101750,0.54535250,0.17692500,0.74013446,-0.16632564,0.38979830
1603799497.22686291,0.00012200,-0.01024800,1.03297400,-0.26261019,0.08797915,0.05601750,0.26535250,0.17692500,0.73998831,-0.16486407,0.39067524
1603799497.28915381,0.00146400,-0.01159000,1.03651200,-0.05143128,0.01404957,-0.04898250,0.75535250,0.28192500,0.73998831,-0.16486407,0.39067524
1603799497.35140014,0.00341600,-0.01037000,1.03480400,0.01310174,-0.09440554,0.12601750,0.33535250,0.21192500,0.73940368,-0.16091786,0.38906752
1603799497.41377497,0.00048800,-0.01171200,1.03700000,-0.05982423,0.02732138,-0.01398250,0.65035250,0.31692500,0.73531131,-0.16588717,0.39345221
1603799497.47595143,0.00134200,-0.00707600,1.02602000,0.19459853,-0.27085071,0.12601750,0.44035250,0.10692500,0.73531131,-0.16588717,0.39345221
1603799497.54094410,0.00244000,-0.01146800,1.03419400,-0.04941396,-0.04073457,0.05601750,0.68535250,0.35192500,0.74115756,-0.16354867,0.39155218
1603799497.60339165,0.00122000,-0.00976000,1.03553600,0.04890163,0.02743089,0.02101750,0.47535250,0.31692500,0.74115756,-0.16354867,0.39155218
1603799497.66599035,0.00366000,-0.01012600,1.03468200,0.02654466,-0.10793904,0.09101750,0.23035250,0.10692500,0.73823443,-0.16924876,0.39009062
1603799497.72842264,0.00219600,-0.01000400,1.03456000,0.03323099,0.08121132,0.09101750,0.09035250,0.10692500,0.73852675,-0.16442561,0.39432914
1603799497.79090500,0.00158600,-0.01037000,1.03785400,0.01478582,0.10819344,0.05601750,0.40535250,0.17692500,0.73852675,-0.16442561,0.39432914
1603799497.85311699,0.00109800,-0.01049200,1.03126600,0.09245999,0.04050061,0.16101750,0.51035250,0.17692500,0.73750365,-0.16354867,0.38760596
1603799497.91545486,0.00048800,-0.01122400,1.03419400,0.22894887,-0.04048454,-0.04898250,0.44035250,0.35192500,0.73838059,-0.16559486,0.39432914
1603799497.97785425,0.00268400,-0.01098000,1.03236400,0.05167012,-0.08832114,0.16101750,-0.01464750,0.07192500,0.73838059,-0.16559486,0.39432914
1603799498.04015017,0.00207400,-0.01073600,1.03346200,-0.14978019,-0.02022321,-0.01398250,0.68535250,0.38692500,0.73954984,-0.16807951,0.39169833
1603799498.10251093,0.00341600,-0.00963800,1.03309600,-0.08090502,-0.09424622,0.05601750,0.65035250,0.38692500,0.73954984,-0.16807951,0.39169833
1603799498.16471362,0.00195200,-0.01024800,1.03492600,0.02025499,-0.01327409,0.19601750,0.44035250,0.17692500,0.73852675,-0.16676410,0.39301374
1603799498.22708464,0.00219600,-0.01110200,1.03382800,-0.02800580,-0.02697347,0.02101750,0.37035250,0.28192500,0.74334990,-0.16325636,0.39885998
1603799498.28947949,0.00353800,-0.01122400,1.03187600,-0.03594068,-0.10171418,0.16101750,0.09035250,0.14192500,0.74334990,-0.16325636,0.39885998
1603799498.35166097,0.00353800,-0.01012600,1.04334400,-0.20325981,0.17511246,0.23101750,0.33535250,0.14192500,0.73852675,-0.16881029,0.39695995
1603799498.41405296,0.00207400,-0.01073600,1.02931400,0.07115909,-0.24480907,0.12601750,0.44035250,0.17692500,0.73852675,-0.16881029,0.39695995
1603799498.47626615,0.00231800,-0.01037000,1.03492600,0.03166616,-0.20339264,0.09101750,0.54535250,0.31692500,0.73735750,-0.16574101,0.40309851
1603799498.53865767,0.00158600,-0.00963800,1.03590200,0.10811227,0.09472385,0.23101750,0.12535250,0.07192500,0.73648056,-0.16486407,0.39929845
1603799498.60097861,0.00305000,-0.00927200,1.03456000,0.08325893,-0.07327228,-0.15398250,0.68535250,0.35192500,0.73648056,-0.16486407,0.39929845
1603799498.66322470,0.00134200,-0.01061400,1.03553600,0.00166156,0.02068481,0.09101750,0.37035250,0.14192500,0.73764981,-0.16515639,0.39199065
1603799498.72556114,0.00158600,-0.00963800,1.03370600,0.05071576,0.00643415,-0.08398250,0.75535250,0.35192500,0.73370360,-0.16515639,0.39856767
1603799498.78799129,0.00207400,-0.01012600,1.03480400,0.00916354,-0.08636167,0.16101750,-0.08464750,-0.06807500,0.73370360,-0.16515639,0.39856767
1603799498.85020351,0.00207400,-0.00793000,1.02736200,0.14500975,-0.09577944,0.40601750,-0.08464750,-0.10307500,0.74028062,-0.16033324,0.39418299
1603799498.91253853,0.00158600,-0.01085800,1.03846400,0.07569728,0.06780021,0.02101750,0.65035250,0.42192500,0.74028062,-0.16033324,0.39418299
1603799498.97473240,0.00207400,-0.00878400,1.00198600,0.30870420,-0.44879219,0.02101750,0.58035250,0.17692500,0.73852675,-0.16691026,0.39754458
1603799499.03860497,0.00256200,-0.01122400,1.03504800,0.04025042,-0.16189165,0.12601750,0.54535250,0.28192500,0.74188834,-0.16837182,0.39856767
1603799499.10103822,0.00268400,-0.01000400,1.03199800,0.11313572,-0.20329073,0.12601750,0.02035250,-0.10307500,0.74188834,-0.16837182,0.39856767
1603799499.16323543,0.00244000,-0.00976000,1.00393800,0.04398861,0.03360750,0.16101750,0.23035250,0.31692500,0.74320374,-0.16413329,0.39710611
1603799499.22563243,0.00134200,-0.00963800,1.03565800,-0.00291115,-0.10199448,0.05601750,0.30035250,0.14192500,0.74320374,-0.16413329,0.39710611
1603799499.28794098,0.00244000,-0.01146800,1.03358400,-0.11964879,-0.03992084,0.23101750,0.23035250,0.03692500,0.74466530,-0.16910260,0.39593686
1603799499.35016942,0.00195200,-0.01024800,1.03407200,0.02078885,-0.01317241,0.05601750,0.75535250,0.31692500,0.74159602,-0.16340251,0.38833674
1603799499.41254687,0.00219600,-0.01037000,1.03285200,0.01242225,-0.02700309,0.12601750,0.09035250,0.07192500,0.74159602,-0.16340251,0.38833674
1603799499.47475386,0.00256200,-0.01037000,1.03029000,0.01058486,-0.04096063,0.33601750,-0.15464750,-0.13807500,0.74422683,-0.16691026,0.38804443
1603799499.53724694,0.00268400,-0.01134600,1.03199800,-0.04264109,-0.05428054,0.33601750,-0.01464750,-0.10307500,0.73794212,-0.16647179,0.38775212
1603799499.59956527,0.00158600,-0.01037000,1.03004600,-0.11846995,0.30507875,-8.72898250,0.61535250,0.42192500,0.73794212,-0.16647179,0.38775212
1603799499.66181874,0.00268400,-0.01024800,1.03297400,0.12090201,-0.22969245,0.16101750,0.44035250,0.14192500,0.73969600,-0.16720257,0.39272143
1603799499.72426271,0.00146400,-0.00963800,1.03504800,-0.08161750,0.04743103,0.19601750,0.33535250,0.17692500,0.73969600,-0.16720257,0.39272143
1603799499.78689480,0.00292800,-0.01110200,1.03163200,-0.23515012,0.10820540,0.23101750,0.05535250,0.07192500,0.74539608,-0.16705642,0.38526747
1603799499.84925580,0.00329400,-0.01085800,1.03370600,-0.11464735,-0.08749606,0.12601750,0.26535250,0.17692500,0.74071909,-0.16895645,0.39184449
1603799499.91159415,0.00341600,-0.01110200,1.03273000,-0.04256532,-0.09489543,0.02101750,0.47535250,0.14192500,0.74071909,-0.16895645,0.39184449
1603799499.97382021,0.00439200,-0.01281000,1.03395000,-0.12264716,-0.14866503,-0.08398250,0.61535250,0.42192500,0.73838059,-0.16734873,0.39272143
1603799500.03620791,0.00317200,-0.00927200,1.03382800,0.07261633,-0.08133401,0.26601750,-0.01464750,-0.10307500,0.73838059,-0.16734873,0.39272143
1603799500.09885645,0.00146400,-0.00951600,1.03761000,0.06180424,0.02735954,0.09101750,0.26535250,0.28192500,0.74130371,-0.16588717,0.39082140
1603799500.16111207,0.00085400,-0.00829600,1.03321800,0.12722432,-0.18264454,0.09101750,0.61535250,0.17692500,0.73881906,-0.16384098,0.39155218
1603799500.22349834,0.00183000,-0.01085800,1.03614600,-0.09408443,0.05424930,0.23101750,-0.11964750,-0.03307500,0.73881906,-0.16384098,0.39155218
1603799500.28571463,0.00292800,-0.01159000,1.03346200,0.19408414,-0.18320484,0.12601750,0.44035250,0.28192500,0.74408068,-0.16705642,0.38687518
1603799500.34811425,0.00170800,-0.01146800,1.03358400,-0.04545173,0.06107002,0.19601750,0.19535250,0.24692500,0.73808828,-0.16793335,0.39023677
1603799500.41043186,0.00195200,-0.01024800,1.03285200,-0.01222132,-0.01304493,0.26601750,0.37035250,0.17692500,0.73808828,-0.16793335,0.39023677
1603799500.47264934,0.00317200,-0.01146800,1.03468200,0.07914732,-0.08141746,0.12601750,0.44035250,0.17692500,0.73516516,-0.16501023,0.38994446
1603799500.53777337,0.00231800,-0.01061400,1.03822000,0.01499092,-0.10051567,-8.93898250,0.75535250,0.45692500,0.73516516,-0.16501023,0.38994446
1603799500.60038805,0.00085400,-0.00988200,1.03077800,0.07188584,-0.09514609,0.05601750,0.33535250,0.14192500,0.74437299,-0.16924876,0.39622917
1603799500.66259861,0.00219600,-0.01110200,1.03334000,0.22815096,-0.29148072,-0.01398250,0.65035250,-0.03307500,0.73823443,-0.17085647,0.39754458
1603799500.72496533,0.00085400,-0.00988200,1.03346200,0.03470961,0.04697391,0.12601750,0.51035250,0.24692500,0.73823443,-0.17085647,0.39754458
1603799500.78757024,0.00256200,-0.00988200,1.03431600,-0.00546999,1.67773703,0.05601750,0.54535250,0.17692500,0.74247296,-0.16252558,0.38702134
1603799500.84987831,0.00170800,-0.00988200,1.03443800,-0.01033359,-0.00034508,0.26601750,0.05535250,-0.06807500,0.74247296,-0.16252558,0.38702134
1603799500.91213632,0.00170800,-0.00963800,1.03492600,0.04706617,-0.00100411,0.23101750,0.26535250,0.07192500,0.74159602,-0.16705642,0.38848290
1603799500.97445512,0.00256200,-0.01110200,1.03492600,-0.02735259,-0.04710566,0.33601750,0.12535250,-0.10307500,0.73969600,-0.16749488,0.38979830
1603799501.03709078,0.00439200,-0.01024800,1.03517000,0.02005353,0.08797158,0.05601750,0.54535250,0.31692500,0.73969600,-0.16749488,0.38979830
1603799501.09946179,0.00158600,-0.01146800,1.04358800,-0.04234509,0.16170104,0.12601750,0.89535250,0.38692500,0.74086524,-0.16851798,0.39009062
1603799501.16168189,0.00244000,-0.01098000,1.03968400,-0.02454201,0.09472385,0.23101750,0.33535250,0.14192500,0.73662672,-0.16807951,0.38672903
1603799501.22400212,0.00317200,-0.01171200,1.03456000,0.07486485,-0.26933908,-0.08398250,0.54535250,0.14192500,0.73662672,-0.16807951,0.38672903
1603799501.28661537,0.00183000,-0.01024800,1.03443800,0.12640507,-0.08825826,0.05601750,0.23035250,0.10692500,0.73852675,-0.17056416,0.38599825
1603799501.34895039,0.00341600,-0.01000400,1.03431600,-0.02239665,-0.00688258,0.16101750,0.19535250,0.03692500,0.73852675,-0.17056416,0.38599825
1603799501.41129661,0.00292800,-0.00976000,1.03443800,0.02052331,-0.06719652,0.05601750,0.68535250,0.24692500,0.74349605,-0.16895645,0.38015200
1603799501.47358251,0.00280600,-0.01134600,1.03187600,-0.04331172,-0.06121933,0.05601750,0.54535250,0.21192500,0.74159602,-0.17027185,0.38760596
1603799501.53591633,0.00146400,-0.01073600,1.03370600,-0.00856844,0.01347689,0.65101750,-0.43464750,-0.31307500,0.74159602,-0.17027185,0.38760596
1603799501.59826779,0.00256200,-0.01024800,1.03285200,0.01878144,-0.00001992,0.16101750,0.58035250,0.14192500,0.74042678,-0.17129494,0.38161356
1603799501.66038918,0.00378200,-0.01098000,1.03590200,-0.02677375,-0.04022465,0.16101750,0.58035250,0.24692500,0.74042678,-0.17129494,0.38161356
1603799501.72273207,0.00244000,-0.01073600,1.03663400,-0.00611102,-0.11429887,0.16101750,0.82535250,0.35192500,0.74305759,-0.16617948,0.37883660
1603799501.78518677,0.00134200,-0.01000400,1.00406000,0.13537606,-0.39138708,0.09101750,0.44035250,-0.06807500,0.74305759,-0.16617948,0.38965215
1603799501.84758663,0.00353800,-0.01037000,1.03285200,-0.12056145,-0.10076320,0.16101750,0.26535250,0.38692500,0.74305759,-0.16617948,0.38965215
1603799501.90992022,0.00244000,-0.01073600,1.03346200,0.04578668,-0.04064087,0.02101750,0.33535250,0.21192500,0.74232681,-0.16311020,0.39155218
1603799501.97212744,0.00146400,-0.01049200,1.03321800,-0.04286604,0.01341976,0.12601750,0.30035250,0.49192500,0.74378837,-0.16457176,0.38585209
1603799502.03924060,0.00292800,-0.00951600,1.03346200,0.06359142,-0.06640079,0.05601750,0.75535250,0.31692500,0.74378837,-0.16457176,0.38585209
1603799502.10168314,0.00280600,-0.01232200,1.03431600,-0.09528745,-0.06070269,-0.08398250,0.72035250,0.45692500,0.74437299,-0.16354867,0.38175972
1603799502.16417742,0.00280600,-0.00976000,1.03053400,0.04463398,-0.08162501,0.12601750,0.19535250,0.14192500,0.74437299,-0.16354867,0.38175972
1603799502.22657752,0.00256200,-0.01110200,1.02785000,-0.03158517,0.06072240,0.12601750,0.12535250,0.07192500,0.73545747,-0.16822567,0.38292897
1603799502.28904152,0.00231800,-0.01098000,1.02968000,-0.01012034,0.23048820,0.12601750,0.68535250,0.35192500,0.74539608,-0.16734873,0.38906752
1603799502.35129523,0.00292800,-0.01085800,1.03321800,-0.01377075,-0.16188922,0.05601750,0.47535250,0.24692500,0.74539608,-0.16734873,0.38906752
1603799502.41361809,0.00268400,-0.01061400,1.03468200,0.02025455,0.01372535,0.16101750,0.47535250,0.17692500,0.73954984,-0.17129494,0.38848290
1603799502.47581077,0.00329400,-0.00988200,1.03358400,-0.13144037,1.64752227,0.23101750,-0.04964750,-0.10307500,0.73954984,-0.16267173,0.38906752
1603799502.53820586,0.00219600,-0.01244400,1.03236400,0.05122464,-0.02740753,0.37101750,0.02035250,0.00192500,0.74159602,-0.16267173,0.38906752
1603799502.60055327,0.00244000,-0.01110200,1.03382800,-0.02504322,-0.03984433,0.30101750,-0.04964750,-0.03307500,0.74393452,-0.16544870,0.38950599
1603799502.66277385,0.00231800,-0.01037000,1.03212000,0.01160709,-0.03394791,0.44101750,-0.29464750,-0.20807500,0.74393452,-0.16544870,0.38950599
1603799502.72517848,0.00146400,-0.01110200,1.03858600,-0.02518780,-0.00622608,0.23101750,0.23035250,0.03692500,0.74057293,-0.16661795,0.39242911
1603799502.78765392,0.00256200,-0.00793000,1.03212000,0.14704758,-0.06103984,-0.08398250,0.96535250,0.42192500,0.74028062,-0.16486407,0.38614440
1603799502.84994602,0.00109800,-0.01110200,1.03565800,0.18229598,-0.03351161,0.30101750,0.54535250,0.24692500,0.74028062,-0.16486407,0.38614440
1603799502.91229248,0.00170800,-0.01049200,1.03395000,0.03172783,-0.10851435,0.26601750,0.30035250,0.17692500,0.73823443,-0.16588717,0.38059047
1603799502.97453570,0.00402600,-0.01061400,1.03285200,0.22287704,-0.07396787,-0.01398250,0.61535250,-0.17307500,0.73823443,-0.16588717,0.38059047
1603799503.03701162,0.00317200,-0.01049200,1.03407200,-0.12713457,-0.08049905,-0.08398250,0.82535250,0.38692500,0.73852675,-0.16676410,0.38599825
1603799503.09942079,0.00231800,-0.00988200,1.03578000,0.05876056,-0.03400980,0.09101750,0.33535250,0.14192500,0.74086524,-0.16603332,0.38526747
1603799503.16171837,0.00305000,-0.01073600,1.03273000,-0.00576347,-0.07374400,-0.01398250,0.82535250,0.35192500,0.74086524,-0.16603332,0.38526747
1603799503.22406435,0.00219600,-0.00951600,1.03334000,0.06006958,-0.02693226,0.02101750,0.58035250,0.28192500,0.73896521,-0.16895645,0.38906752
1603799503.28637195,0.00268400,-0.01073600,1.03236400,-0.00856738,-0.04068758,0.23101750,0.40535250,0.14192500,0.73896521,-0.16895645,0.38175972
1603799503.34879065,0.00207400,-0.01073600,1.02675200,-0.01181798,-0.19119241,0.02101750,0.33535250,0.07192500,0.74130371,-0.17129494,0.38175972
1603799503.41121411,0.00329400,-0.00976000,1.02760600,0.10430125,0.12873414,0.09101750,-0.08464750,0.03692500,0.73881906,-0.17027185,0.38482900
1603799503.47349572,0.00231800,-0.01012600,1.03456000,0.09461613,0.05423363,0.30101750,0.19535250,0.00192500,0.73881906,-0.17027185,0.38482900
1603799503.53889585,0.00231800,-0.01110200,1.03224200,-0.02946106,-0.03403827,-0.15398250,0.79035250,0.42192500,0.73750365,-0.16851798,0.38541362
1603799503.60177612,0.00207400,-0.01085800,1.03517000,-0.01612232,-0.02052558,0.16101750,0.26535250,0.07192500,0.74144987,-0.16749488,0.38585209
1603799503.66421056,0.00268400,-0.00963800,1.03419400,0.05350068,-0.05391408,0.26601750,-0.01464750,-0.06807500,0.74144987,-0.16749488,0.38585209
1603799503.72742629,0.00207400,-0.00927200,1.03273000,0.07297961,-0.02030954,-0.01398250,0.58035250,0.31692500,0.73341128,-0.16939491,0.39125987
1603799503.78987360,0.00134200,-0.01085800,1.03443800,-0.01123690,0.02075450,0.30101750,-0.01464750,-0.10307500,0.73341128,-0.16939491,0.39125987
1603799503.85314250,0.00207400,-0.01012600,1.03370600,0.02601291,-0.02022720,0.16101750,0.30035250,0.10692500,0.74115756,-0.17304882,0.38819059
1603799503.91431260,0.00219600,-0.00963800,1.02528800,0.13049642,-0.41657230,0.05601750,0.75535250,0.42192500,0.73633441,-0.16778720,0.39009062
1603799503.97598553,0.00305000,-0.00951600,1.03334000,-0.16074355,0.04081570,0.23101750,0.19535250,0.14192500,0.73633441,-0.16778720,0.39009062
1603799504.03722143,0.00366000,-0.01220000,1.03443800,-0.08638340,-0.10736286,0.40601750,-0.18964750,-0.17307500,0.74378837,-0.17348728,0.39330605
1603799504.09885311,0.00158600,-0.01024800,1.03590200,0.02045469,0.02724893,0.02101750,-0.18964750,-0.17307500,0.74378837,-0.16559486,0.38906752
1603799504.16010833,0.00158600,-0.01000400,1.03480400,0.16845318,-0.06739102,0.23101750,0.12535250,-0.31307500,0.74408068,-0.16559486,0.38906752
1603799504.22172880,0.00268400,-0.00988200,1.03370600,-0.08882894,-0.05253829,0.19601750,0.65035250,0.28192500,0.74115756,-0.16954107,0.38322128
1603799504.28315496,0.00146400,-0.01024800,1.03187600,0.01824358,0.01343808,0.16101750,0.33535250,0.14192500,0.74115756,-0.16954107,0.38322128
1603799504.34438539,0.00463600,-0.01061400,1.03248600,0.01181644,-0.18283613,0.12601750,0.40535250,0.45692500,0.73911137,-0.16676410,0.38614440
1603799504.40602350,0.00305000,-0.00902800,1.03443800,-0.05195417,-0.07348534,0.19601750,0.19535250,0.17692500,0.74188834,-0.16807951,0.38336744
1603799504.46722174,0.00231800,-0.00976000,1.03468200,0.02998797,-0.03762465,0.09101750,0.44035250,0.21192500,0.74188834,-0.16807951,0.38336744
1603799504.52896714,0.00451400,-0.00768600,1.02968000,0.15958059,-0.04783248,0.02101750,0.23035250,0.03692500,0.74685764,-0.16793335,0.38219819
1603799504.59140420,0.00158600,-0.01012600,1.03578000,0.13511626,-0.31017398,0.12601750,0.30035250,0.00192500,0.74685764,-0.16793335,0.38219819
1603799504.65372682,0.00280600,-0.01122400,1.03224200,-0.15584104,0.06094778,0.30101750,0.12535250,0.03692500,0.73881906,-0.16427945,0.39125987
1603799504.71614003,0.00366000,-0.01049200,1.03212000,-0.01151730,-0.01964602,0.05601750,0.40535250,0.03692500,0.73604209,-0.16822567,0.38819059
1603799504.77849603,0.00183000,-0.01061400,1.03492600,0.24144898,-0.00698268,0.02101750,0.51035250,0.35192500,0.73604209,-0.16822567,0.38819059
1603799504.84098458,0.00231800,-0.01049200,1.03370600,0.09275350,-0.03398004,0.26601750,0.12535250,0.14192500,0.73779597,-0.16983338,0.38994446
1603799504.90348148,0.00244000,-0.00976000,1.03553600,0.18061961,-0.04081964,0.05601750,0.40535250,0.24692500,0.73779597,-0.16983338,0.38994446
1603799504.96579266,0.00268400,-0.01110200,1.03199800,-0.03268682,-0.05514898,0.09101750,0.44035250,0.17692500,0.74101140,-0.16661795,0.38892137
1603799505.02822590,0.00195200,-0.01085800,1.03309600,-0.01250334,-0.01309563,0.44101750,-0.18964750,-0.13807500,0.73984215,-0.16632564,0.38629056
1603799505.09090972,0.00390400,-0.01061400,1.03114400,-0.02091036,-0.12896483,-0.04898250,0.79035250,0.31692500,0.73984215,-0.16632564,0.38629056
1603799505.15342641,0.00256200,-0.00963800,1.03565800,0.05406483,0.06097824,0.05601750,0.58035250,0.28192500,0.74042678,-0.17041801,0.38482900
1603799505.21586013,0.00219600,-0.01195600,1.03602400,-0.07392629,0.04749779,0.23101750,-0.39964750,-0.27807500,0.74071909,-0.16603332,0.39593686
1603799505.27813911,0.00170800,-0.01061400,1.03504800,0.13478999,-0.16864838,0.09101750,0.72035250,0.45692500,0.74071909,-0.16603332,0.39593686
1603799505.34059644,0.00170800,-0.01061400,1.03370600,-0.13311198,0.23610032,0.12601750,0.26535250,0.00192500,0.74218065,-0.16457176,0.38760596
1603799505.40300965,0.00183000,-0.01207800,1.03321800,-0.03564880,-0.00683430,0.30101750,0.19535250,0.31692500,0.74218065,-0.16457176,0.38760596
1603799505.46526885,0.00244000,-0.01073600,1.03212000,0.09040404,-0.04139760,0.16101750,0.37035250,0.10692500,0.73852675,-0.16734873,0.39155218
1603799505.52767682,0.00219600,-0.01073600,1.03529200,0.09269490,-0.02722059,-0.01398250,0.58035250,0.28192500,0.73984215,-0.16559486,0.39184449
1603799505.59010434,0.00317200,-0.01073600,1.03334000,-0.00849583,-0.08128999,0.02101750,0.37035250,0.17692500,0.73984215,-0.16559486,0.39184449
1603799505.65251279,0.00305000,-0.01098000,1.03578000,-0.02203479,-0.07451984,-0.04898250,0.44035250,0.35192500,0.74188834,-0.17012569,0.38570593
1603799505.71479201,0.00207400,-0.00939400,1.03565800,0.05140548,-0.04445546,0.02101750,0.75535250,0.42192500,0.74188834,-0.17012569,0.38570593
1603799505.77715659,0.00268400,-0.00963800,1.03175400,0.05205633,-0.23723067,0.05601750,0.40535250,0.24692500,0.74378837,-0.16822567,0.38307512
1603799505.83964777,0.00122000,-0.01183400,1.03687800,0.08839836,-0.05358261,0.19601750,0.23035250,0.00192500,0.74232681,-0.17275650,0.38599825
1603799505.90210319,0.00146400,-0.01122400,1.02785000,-0.04518481,0.14232574,0.23101750,0.37035250,0.07192500,0.74232681,-0.17275650,0.38599825
1603799505.96442652,0.00341600,-0.00976000,1.03334000,-0.04004747,0.02727350,0.16101750,0.40535250,0.03692500,0.73925753,-0.16603332,0.38614440
1603799506.02690125,0.00439200,-0.01049200,1.03504800,-0.05376223,-0.01998184,0.40601750,0.05535250,0.14192500,0.74276527,-0.16515639,0.39330605
1603799506.09201455,0.00183000,-0.01232200,1.03602400,-0.09415936,-0.13465773,0.44101750,0.05535250,0.03692500,0.74276527,-0.16515639,0.39330605
1603799506.15452933,0.00366000,-0.01146800,1.02785000,-0.05197997,-0.12968368,0.16101750,0.26535250,0.07192500,0.73969600,-0.16457176,0.39082140
1603799506.21687412,0.00390400,-0.00927200,1.03151000,0.16711482,-0.00692165,0.16101750,0.23035250,0.07192500,0.73969600,-0.16457176,0.39082140
1603799506.27911901,0.00256200,-0.01085800,1.03370600,0.14175477,-0.21577337,0.19601750,-0.01464750,-0.17307500,0.73911137,-0.16778720,0.38585209
1603799506.34146595,0.00134200,-0.01073600,1.03407200,-0.15339488,-0.01300383,0.16101750,0.23035250,0.21192500,0.74115756,-0.16954107,0.39009062
1603799506.40392303,0.00195200,-0.00878400,1.03492600,0.10732391,-0.10806118,0.05601750,0.47535250,0.21192500,0.74115756,-0.16954107,0.39009062
1603799506.46632671,0.00109800,-0.01049200,1.03456000,-0.08185404,0.03389730,0.12601750,0.58035250,0.31692500,0.74276527,-0.16837182,0.38935984
1603799506.52864289,0.00195200,-0.01049200,1.03431600,0.18215252,-0.01330214,0.12601750,0.19535250,0.17692500,0.74276527,-0.16837182,0.38935984
1603799506.59136581,0.00146400,-0.01171200,1.03346200,-0.06188582,0.01358319,0.30101750,0.02035250,-0.06807500,0.73940368,-0.17655656,0.38877521
1603799506.65371943,0.00170800,-0.00939400,1.03419400,0.06860172,0.00042484,0.09101750,0.54535250,0.24692500,0.74086524,-0.17217188,0.38921368
1603799506.71609282,0.00268400,-0.01110200,1.03151000,-0.02938630,-0.09500804,0.47601750,-0.04964750,-0.20807500,0.74086524,-0.17217188,0.38921368
1603799506.77863836,0.00158600,-0.01110200,1.03431600,-0.02771677,0.05417716,0.30101750,0.05535250,0.10692500,0.74188834,-0.16471792,0.39345221
1603799506.84106922,0.00244000,-0.01159000,1.03443800,-0.04791410,0.10148080,0.16101750,0.26535250,0.14192500,0.73925753,-0.16895645,0.39549839
1603799506.90354133,0.00390400,-0.01134600,1.02797200,-0.09269798,-0.12285591,0.05601750,0.05535250,0.00192500,0.73925753,-0.16895645,0.39549839
1603799506.96582150,0.00244000,-0.01085800,1.03346200,-0.14786759,-0.12783008,0.33601750,0.37035250,0.73692500,0.74071909,-0.16632564,0.38994446
1603799507.02833176,0.00024400,-0.01085800,1.03407200,0.26785617,-0.21108158,0.12601750,0.44035250,0.38692500,0.74071909,-0.16632564,0.38994446
1603799507.09076619,0.00158600,-0.00939400,1.03614600,-0.14925917,0.00012850,0.19601750,-0.11964750,-0.03307500,0.73706519,-0.17100263,0.38541362
1603799507.15308309,0.00341600,-0.01207800,1.03407200,0.19310240,-0.09555465,0.37101750,0.12535250,0.00192500,0.73604209,-0.16574101,0.38877521
1603799507.21543598,0.00268400,-0.01073600,1.03321800,-0.00955434,-0.05447548,0.40601750,0.02035250,-0.20807500,0.73604209,-0.16574101,0.38877521
1603799507.27776289,0.00268400,-0.01024800,1.03395000,0.02317972,-0.05300743,0.09101750,0.26535250,0.17692500,0.73589594,-0.16486407,0.38935984
1603799507.34019899,0.00134200,-0.01049200,1.03358400,0.00565909,0.02709778,-0.11898250,0.61535250,0.49192500,0.73589594,-0.16486407,0.38935984
1603799507.40257812,0.00244000,-0.00915000,1.03334000,0.07992957,-0.15555328,0.40601750,-0.39964750,-0.17307500,0.73618825,-0.16632564,0.39286758
1603799507.46489000,0.00280600,-0.01037000,1.03273000,0.13377252,-0.10832546,0.09101750,0.75535250,0.07192500,0.73560362,-0.16997954,0.39199065
1603799507.52732420,0.00158600,-0.00963800,1.03529200,-0.20940759,0.15548415,0.26601750,0.19535250,0.21192500,0.73560362,-0.16997954,0.39199065
1603799507.58978581,0.00195200,-0.00915000,1.00149800,0.08341778,0.01302185,0.02101750,0.51035250,0.00192500,0.73677287,-0.16705642,0.39242911
1603799507.65213943,0.00085400,-0.01110200,1.03517000,0.00887386,-0.18101147,0.19601750,0.26535250,0.17692500,0.73808828,-0.16530254,0.39184449
1603799507.71442318,0.00195200,-0.01122400,1.03334000,-0.00969661,-0.01381056,0.26601750,0.12535250,0.03692500,0.73808828,-0.16530254,0.39184449
1603799507.77667141,0.00256200,-0.00951600,1.03370600,0.05574397,-0.04837286,0.05601750,0.65035250,0.31692500,0.74159602,-0.16983338,0.40076001
1603799507.83906651,0.00244000,-0.00976000,1.03468200,0.04769874,-0.04016287,0.23101750,0.09035250,0.07192500,0.74159602,-0.16983338,0.40076001
1603799507.90145707,0.00158600,-0.01256600,1.03456000,-0.13029912,0.00416133,0.02101750,0.54535250,0.21192500,0.74685764,-0.17246419,0.39330605
1603799507.96379972,0.00256200,-0.01134600,1.03419400,-0.04130495,0.00010406,0.33601750,-0.39964750,-0.20807500,0.74349605,-0.16997954,0.39082140
1603799508.02626061,0.00305000,-0.01354200,1.03578000,-0.16179632,-0.10771660,0.33601750,0.02035250,-0.20807500,0.74349605,-0.16997954,0.39082140
1603799508.08898306,0.00207400,-0.01000400,1.03541400,-0.12831606,0.05422098,0.23101750,-0.01464750,0.00192500,0.73954984,-0.16895645,0.39213680
1603799508.15130210,0.00292800,-0.00951600,1.02943600,0.21381411,-0.45525447,0.09101750,0.09035250,-0.10307500,0.73954984,-0.16895645,0.39213680
1603799508.21377873,0.00244000,-0.01024800,1.03236400,0.24963739,-0.35093078,0.02101750,0.37035250,-0.24307500,0.74276527,-0.16588717,0.39301374
1603799508.27614474,0.00183000,-0.01085800,1.03346200,0.14632008,-0.14269996,-0.04898250,0.65035250,-0.06807500,0.73721134,-0.16793335,0.39681380
1603799508.33853245,0.00183000,-0.01207800,1.03346200,0.12393737,-0.00747709,0.16101750,0.47535250,0.28192500,0.73721134,-0.16793335,0.39681380
1603799508.40096474,0.00036600,-0.01134600,1.03541400,0.09946827,0.07439972,0.09101750,0.44035250,0.28192500,0.74349605,-0.17012569,0.38819059
1603799508.46327686,0.00122000,-0.01024800,1.03370600,0.01431479,0.02651803,0.09101750,0.44035250,0.07192500,0.73677287,-0.17363344,0.39505992
1603799508.52564716,0.00305000,-0.01037000,1.03260800,0.01221984,-0.07440099,-0.15398250,1.03535250,0.49192500,0.73677287,-0.17363344,0.39505992
1603799508.58807921,0.00183000,-0.01232200,1.03602400,-0.11534295,0.03907406,0.12601750,0.47535250,0.17692500,0.74188834,-0.16179480,0.39359836
1603799508.65033579,0.00353800,-0.01195600,1.03346200,-0.07556546,0.09472385,0.09101750,0.51035250,0.21192500,0.74188834,-0.16179480,0.39359836
1603799508.71272612,0.00231800,-0.01122400,1.03858600,-0.26744200,0.02742750,0.09101750,0.68535250,0.52692500,0.74057293,-0.16632564,0.39579070
1603799508.77505755,0.00329400,-0.01073600,1.03517000,0.07938512,0.08795236,0.12601750,0.12535250,-0.13807500,0.73969600,-0.16749488,0.38395206
1603799508.83758140,0.00073200,-0.01049200,1.03492600,0.00497222,-0.00006447,0.16101750,0.16035250,-0.03307500,0.73969600,-0.16749488,0.38395206
1603799508.89997053,0.00244000,-0.01085800,1.03407200,0.12723290,-0.35176606,0.09101750,0.37035250,0.31692500,0.73838059,-0.16559486,0.39871383
1603799508.96225476,0.00244000,-0.01159000,1.03395000,0.07133492,-0.04104239,0.16101750,0.54535250,0.17692500,0.73838059,-0.16559486,0.39871383
1603799509.02469301,0.00353800,-0.01183400,1.03334000,-0.06810254,-0.10120333,0.16101750,0.19535250,0.07192500,0.73458053,-0.16734873,0.39549839
1603799509.08705783,0.00353800,-0.01073600,1.03248600,-0.00870639,-0.10166873,0.05601750,0.26535250,0.21192500,0.74261912,-0.17100263,0.39023677
1603799509.14947796,0.00122000,-0.01085800,1.03395000,-0.03315345,0.02501659,0.30101750,0.02035250,0.07192500,0.74261912,-0.17100263,0.39023677
1603799509.21189332,0.00329400,-0.01256600,1.03260800,-0.10995321,-0.05419050,0.44101750,0.02035250,-0.31307500,0.74364221,-0.16997954,0.39257527
1603799509.27417803,0.00280600,-0.01000400,1.03590200,0.01370944,-0.06721540,0.26601750,0.37035250,0.31692500,0.74261912,-0.16705642,0.39359836
1603799509.33658075,0.00329400,-0.01085800,1.03895200,-0.04515311,-0.03310045,0.12601750,-0.18964750,-0.03307500,0.74261912,-0.16705642,0.39359836
1603799509.39897537,0.00231800,-0.01098000,1.03395000,-0.22649518,0.13507365,0.37101750,0.12535250,0.17692500,0.73458053,-0.17012569,0.39783689
1603799509.46130872,0.00158600,-0.01061400,1.03480400,0.01560909,-0.04818493,0.12601750,0.23035250,0.21192500,0.73458053,-0.17012569,0.39783689
1603799509.52369881,0.00280600,-0.01085800,1.03236400,-0.00277442,0.02012396,0.26601750,0.37035250,0.24692500,0.74115756,-0.17012569,0.39038293
1603799509.58635235,0.00158600,-0.00927200,1.03541400,0.21304345,0.00627489,-0.08398250,0.72035250,0.45692500,0.74218065,-0.17275650,0.38789828
1603799509.64896297,0.00207400,-0.01122400,1.03297400,0.16511799,-0.02102191,0.16101750,-0.04964750,0.00192500,0.74218065,-0.17275650,0.38789828
1603799509.71136284,0.00097600,-0.01073600,1.03346200,-0.00597508,0.04079497,0.09101750,0.16035250,0.03692500,0.74159602,-0.17100263,0.38351359
1603799509.77368641,0.00256200,-0.01110200,1.03346200,-0.02975263,-0.04765948,0.40601750,-0.22464750,-0.20807500,0.74159602,-0.17100263,0.38351359
1603799509.83606052,0.00402600,-0.01012600,1.03663400,0.02759832,-0.03338797,0.30101750,0.33535250,0.14192500,0.73896521,-0.17436422,0.39140602
1603799509.89846802,0.00109800,-0.01024800,1.02711800,0.01561094,-0.10943111,0.30101750,0.30035250,0.00192500,0.73808828,-0.17187957,0.38965215
1603799509.96075177,0.00122000,-0.01037000,1.03602400,-0.03344499,-0.12116743,0.19601750,0.51035250,0.21192500,0.73808828,-0.17187957,0.38965215
1603799510.02313852,0.00183000,-0.01061400,1.03480400,0.11608404,-0.10047294,0.12601750,0.19535250,0.38692500,0.73531131,-0.17231804,0.38921368
1603799510.08541632,0.00231800,-0.00927200,1.03456000,-0.05754888,0.04770802,0.02101750,0.54535250,0.38692500,0.73604209,-0.17187957,0.39505992
1603799510.14792991,0.00207400,-0.00854000,1.03602400,0.13996184,-0.18313716,0.02101750,0.47535250,0.28192500,0.73604209,-0.17187957,0.39505992
1603799510.21038222,0.00183000,-0.01110200,1.03309600,0.10649469,1.72679545,-0.11898250,0.58035250,0.42192500,0.73838059,-0.16705642,0.39330605
1603799510.27273130,0.00390400,-0.00927200,1.03468200,0.01150680,-0.11950423,0.12601750,0.33535250,0.10692500,0.73838059,-0.16705642,0.39330605
1603799510.33512926,0.00366000,-0.01061400,1.03443800,-0.00019853,-0.10784255,0.26601750,0.23035250,0.17692500,0.74218065,-0.16983338,0.39608302
1603799510.39762640,0.00268400,-0.00939400,1.03346200,0.06565954,-0.05430099,-0.18898250,0.93035250,0.56192500,0.74320374,-0.16954107,0.39871383
1603799510.45996070,0.00170800,-0.01024800,1.03468200,0.01978613,0.06094660,0.19601750,0.12535250,0.10692500,0.74320374,-0.16954107,0.39871383
1603799510.52226305,0.00183000,-0.01171200,1.03614600,-0.06035616,-0.04019200,0.16101750,-0.22464750,-0.34807500,0.73735750,-0.16384098,0.38950599
1603799510.58456302,0.00256200,-0.01134600,1.04541800,-0.10141023,0.26187135,0.26601750,0.12535250,-0.03307500,0.73735750,-0.16384098,0.38950599
1603799510.64715862,0.00183000,-0.00963800,1.03590200,0.04745794,-0.33036244,0.12601750,0.09035250,0.07192500,0.73808828,-0.17246419,0.39184449
1603799510.70961070,0.00256200,-0.01061400,1.03395000,-0.12206626,0.20956317,0.23101750,0.05535250,0.00192500,0.73881906,-0.16749488,0.39769073
1603799510.77195120,0.00341600,-0.01159000,1.03456000,0.01208242,-0.00677521,0.23101750,0.37035250,0.14192500,0.73881906,-0.16749488,0.39769073
1603799510.83430099,0.00280600,-0.01122400,1.03358400,-0.02427504,-0.06155279,0.26601750,0.54535250,0.24692500,0.73925753,-0.17261035,0.39301374
1603799510.89666891,0.00268400,-0.01000400,1.03334000,0.03375497,-0.05377351,-0.04898250,0.61535250,0.45692500,0.74028062,-0.17202572,0.39462146
1603799510.95905304,0.00292800,-0.01073600,1.03334000,-0.00913042,-0.06792348,0.33601750,0.02035250,-0.03307500,0.74028062,-0.17202572,0.39462146
1603799511.02139354,0.00256200,-0.01085800,1.03236400,-0.01533740,-0.04745795,0.23101750,0.19535250,-0.06807500,0.73648056,-0.16676410,0.39403683
1603799511.08396864,0.00280600,-0.01146800,1.03492600,-0.04761187,-0.07412001,-0.01398250,0.51035250,0.28192500,0.73648056,-0.16676410,0.39403683
1603799511.14929152,0.00170800,-0.01012600,1.03297400,0.05141672,-0.09519042,0.12601750,0.44035250,0.42192500,0.73618825,-0.16954107,0.39096755
1603799511.21183276,0.00122000,-0.01085800,1.03517000,-0.03126408,0.02749501,0.19601750,0.30035250,0.10692500,0.73750365,-0.16983338,0.38731365
1603799511.27426124,0.00207400,-0.01171200,1.03565800,-0.23845124,-0.02032941,0.23101750,0.09035250,0.03692500,0.73750365,-0.16983338,0.38731365
1603799511.33662081,0.00256200,-0.01037000,1.03358400,0.01235486,-0.04730760,-0.01398250,0.58035250,0.35192500,0.74466530,-0.16632564,0.39783689
1603799511.39904118,0.00353800,-0.01012600,1.03504800,0.02608129,-0.10134548,0.16101750,0.54535250,0.24692500,0.74510377,-0.16734873,0.38906752
1603799511.46129847,0.00195200,-0.00915000,1.03797600,0.08219057,0.07452161,0.16101750,0.12535250,0.03692500,0.74510377,-0.16734873,0.38906752
1603799511.52365088,0.00207400,-0.01061400,1.03297400,-0.00144980,-0.02030811,-0.11898250,0.96535250,0.52692500,0.73589594,-0.16515639,0.40032154
1603799511.58603430,0.00231800,-0.00939400,1.03004600,-0.00990793,-0.04777805,0.16101750,-0.22464750,-0.03307500,0.73589594,-0.16515639,0.40032154
1603799511.64842057,0.00219600,-0.01110200,1.03309600,0.23542371,-0.24357347,0.12601750,0.51035250,0.24692500,0.73794212,-0.16793335,0.39447530
1603799511.71084738,0.00109800,-0.01012600,1.00381600,-0.00705705,-0.21950504,0.09101750,0.30035250,-0.24307500,0.73779597,-0.16822567,0.39096755
1603799511.77339220,0.00122000,-0.00927200,1.03492600,-0.06096735,-0.01331065,0.37101750,0.12535250,0.31692500,0.73779597,-0.16822567,0.39096755
1603799511.83588862,0.00048800,-0.01134600,1.03553600,-0.01640917,0.06759346,-0.01398250,0.51035250,0.17692500,0.74656533,-0.16471792,0.38424437
1603799511.89844060,0.00256200,-0.00988200,1.03529200,-0.08638554,-0.04673715,0.26601750,-0.04964750,-0.03307500,0.74656533,-0.16471792,0.38424437
1603799511.96077609,0.00146400,-0.01085800,1.03395000,-0.01562360,0.01343857,0.19601750,0.26535250,0.07192500,0.73940368,-0.17085647,0.39827536
1603799512.02317238,0.00170800,-0.01171200,1.03236400,-0.06419193,-0.00027655,-0.01398250,0.37035250,0.28192500,0.73954984,-0.16837182,0.39389068
1603799512.08542085,0.00085400,-0.00951600,1.03175400,0.04232880,-0.03801224,0.23101750,0.12535250,0.07192500,0.73954984,-0.16837182,0.39389068
1603799512.14791727,0.00244000,-0.01061400,1.03639000,0.00048986,0.01379237,0.12601750,0.54535250,0.17692500,0.73735750,-0.16895645,0.38862906
1603799512.21037412,0.00158600,-0.01098000,1.04407600,-0.18931703,-0.03246919,0.12601750,0.54535250,0.17692500,0.73721134,-0.16881029,0.39432914
1603799512.27268195,0.00219600,-0.01037000,1.03517000,-0.19599263,0.33104129,0.16101750,0.47535250,0.17692500,0.73721134,-0.16881029,0.39432914
1603799512.33507323,0.00158600,-0.01037000,1.00259600,0.17747085,-0.12382535,0.12601750,0.30035250,0.28192500,0.73341128,-0.17027185,0.39067524
1603799512.39757848,0.00305000,-0.00988200,1.03431600,-0.14485710,0.08129100,0.30101750,0.16035250,0.10692500,0.73341128,-0.17027185,0.39067524
1603799512.45989513,0.00292800,-0.01024800,1.03321800,0.12900627,-0.06700881,0.05601750,0.33535250,0.17692500,0.74086524,-0.16924876,0.39769073
1603799512.52234578,0.00195200,-0.00988200,1.03321800,0.14699470,-0.01364645,-0.11898250,0.75535250,0.35192500,0.73838059,-0.16837182,0.39885998
1603799512.58510876,0.00170800,-0.01037000,1.03565800,-0.03845856,-0.00049130,-0.04898250,0.61535250,0.31692500,0.73838059,-0.16837182,0.39885998
1603799512.64763641,0.00268400,-0.00988200,1.03431600,0.04153316,-0.05349431,0.23101750,0.33535250,0.14192500,0.74188834,-0.16837182,0.39535224
1603799512.71006417,0.00256200,-0.01183400,1.03456000,-0.06872315,-0.04728867,0.02101750,0.40535250,0.14192500,0.74188834,-0.16837182,0.39535224
1603799512.77245331,0.00329400,-0.01012600,1.03236400,0.02528511,-0.08808239,-0.01398250,0.58035250,0.31692500,0.74144987,-0.17056416,0.38994446
1603799512.83487296,0.00305000,-0.00939400,1.03614600,0.06781133,-0.13463752,0.09101750,0.40535250,0.21192500,0.74305759,-0.17114879,0.39140602
1603799512.89729595,0.00170800,-0.00841800,1.03895200,0.12303173,-0.05328731,0.09101750,0.72035250,0.38692500,0.74305759,-0.17114879,0.39140602
1603799512.95958543,0.00366000,-0.01085800,1.03224200,-0.00863912,0.03378141,0.16101750,0.19535250,0.00192500,0.74261912,-0.16617948,0.39593686
1603799513.02192116,0.00183000,-0.01085800,1.03187600,0.15727437,0.02754029,0.09101750,0.30035250,0.10692500,0.74042678,-0.16881029,0.38614440
1603799513.08419800,0.00073200,-0.00988200,1.03419400,-0.13984545,0.15531377,0.19601750,0.30035250,0.03692500,0.74042678,-0.16881029,0.38614440
1603799513.14652848,0.00305000,-0.01012600,1.03346200,-0.17761812,1.64473746,0.05601750,0.51035250,0.24692500,0.73838059,-0.16749488,0.39140602
1603799513.20899057,0.00134200,-0.01012600,1.03273000,0.04088935,0.02052740,-0.01398250,0.72035250,0.45692500,0.73838059,-0.16749488,0.39140602
1603799513.27130985,0.00317200,-0.00951600,1.03431600,0.06118784,-0.08062905,0.02101750,0.58035250,0.28192500,0.74101140,-0.17041801,0.38950599
1603799513.33384490,0.00146400,-0.01024800,1.03517000,0.01628603,0.01315845,-0.11898250,0.68535250,0.35192500,0.73706519,-0.16647179,0.39345221
1603799513.39630127,0.00219600,-0.01183400,1.03407200,-0.06841517,0.02713064,0.05601750,0.37035250,0.07192500,0.73706519,-0.16647179,0.39345221
1603799513.45858455,0.00195200,-0.00841800,1.03102200,0.11946126,-0.04764615,0.16101750,0.40535250,0.07192500,0.73399591,-0.16764104,0.38512131
1603799513.52085280,0.00244000,-0.01110200,1.03297400,-0.06911249,0.08119083,0.19601750,-0.04964750,-0.10307500,0.73399591,-0.16764104,0.38512131
1603799513.58327079,0.00207400,-0.00915000,1.03382800,-0.18432530,0.42347520,0.12601750,0.16035250,0.00192500,0.74510377,-0.16427945,0.38965215
1603799513.64580417,0.00256200,-0.01098000,1.03273000,-0.01264401,-0.03334184,0.23101750,-0.08464750,-0.13807500,0.74627302,-0.16661795,0.38439053
1603799513.70836020,0.00183000,-0.01000400,1.03492600,-0.12713573,0.23625018,0.23101750,0.26535250,0.03692500,0.74627302,-0.16661795,0.38439053
1603799513.77078843,0.00183000,-0.00878400,1.03456000,0.02238430,-0.00614400,-0.04898250,0.72035250,0.28192500,0.73618825,-0.16486407,0.39023677
1603799513.83316183,0.00207400,-0.00988200,1.03443800,-0.10400243,-0.02048269,0.12601750,0.09035250,0.14192500,0.73925753,-0.16983338,0.37956738
1603799513.89558506,0.00341600,-0.01024800,1.03395000,0.01750520,-0.09518934,0.05601750,0.40535250,0.21192500,0.73925753,-0.16983338,0.37956738
1603799513.95789051,0.00280600,-0.01207800,1.03407200,-0.07964936,-0.06020978,0.09101750,0.51035250,0.28192500,0.74130371,-0.16691026,0.38146741
1603799514.02029395,0.00073200,-0.00988200,1.03590200,0.02370637,0.05298031,0.02101750,0.58035250,0.21192500,0.74130371,-0.16691026,0.38146741
1603799514.08290267,0.00268400,-0.01024800,1.03651200,0.02079050,-0.08060723,-0.15398250,0.58035250,0.38692500,0.73458053,-0.16778720,0.39023677
1603799514.14552951,0.00366000,-0.01024800,1.03273000,0.01871543,-0.05417660,0.19601750,0.37035250,0.00192500,0.73823443,-0.17231804,0.38307512
1603799514.20805025,0.00170800,-0.00963800,1.03187600,0.06565787,0.06085449,0.02101750,0.37035250,-0.10307500,0.73823443,-0.17231804,0.38307512
1603799514.27039289,0.00195200,-0.01110200,1.02724000,-0.01153626,-0.12981865,0.12601750,0.09035250,-0.13807500,0.73911137,-0.16676410,0.38132125
1603799514.33289361,0.00073200,-0.01134600,1.03431600,0.07303974,0.02029921,0.16101750,0.12535250,0.56192500,0.73911137,-0.16676410,0.38132125
1603799514.39531946,0.00219600,-0.01000400,1.03370600,0.02268215,-0.04811724,-0.01398250,0.51035250,0.07192500,0.74378837,-0.17202572,0.38658287
1603799514.45763373,0.00183000,-0.01012600,1.03224200,-0.14250277,-0.00662845,0.12601750,0.26535250,0.21192500,0.73911137,-0.16603332,0.38862906
1603799514.52010036,0.00353800,-0.01146800,1.03309600,-0.13497688,-0.10101592,0.37101750,0.02035250,-0.10307500,0.73911137,-0.16603332,0.38862906
1603799514.58242941,0.00158600,-0.00988200,1.03578000,0.04300386,0.00737648,0.09101750,0.40535250,0.28192500,0.74115756,-0.16997954,0.38526747
1603799514.64483213,0.00244000,-0.01061400,1.03431600,0.00124965,-0.03998736,0.19601750,0.30035250,0.10692500,0.74115756,-0.17173341,0.38833674
1603799514.70728517,0.00134200,-0.00988200,1.03541400,0.02343287,0.01815688,0.23101750,0.72035250,0.14192500,0.74115756,-0.17173341,0.38833674
1603799514.76958346,0.00366000,-0.01171200,1.03529200,-0.06089196,0.05421564,0.19601750,0.26535250,-0.03307500,0.73691903,-0.17012569,0.38570593
1603799514.83642983,0.00183000,-0.01073600,1.04493000,-0.07498036,0.10810200,0.05601750,0.65035250,0.38692500,0.73691903,-0.17012569,0.38570593
1603799514.89883184,0.00280600,-0.01073600,1.00247400,0.09099272,0.00634978,0.09101750,0.33535250,-0.06807500,0.74042678,-0.17041801,0.39242911
1603799514.96104360,0.00268400,-0.01073600,1.03370600,0.18086314,-0.16942834,0.09101750,0.44035250,0.17692500,0.74320374,-0.16837182,0.38935984
1603799515.02343202,0.00268400,-0.00963800,1.03639000,-0.11579112,1.67673462,0.16101750,0.30035250,0.17692500,0.74320374,-0.16837182,0.38935984
1603799515.08569098,0.00146400,-0.01110200,1.03456000,0.02838669,0.01392514,-0.01398250,0.54535250,0.21192500,0.73808828,-0.16354867,0.38395206
1603799515.14805317,0.00244000,-0.01085800,1.03456000,-0.01505288,-0.04062344,0.26601750,0.37035250,0.10692500,0.73808828,-0.16354867,0.38921368
1603799515.21041942,0.00305000,-0.01000400,1.03382800,0.03284114,-0.07430179,0.05601750,0.72035250,0.28192500,0.74334990,-0.16398714,0.38921368
1603799515.27265596,0.00329400,-0.01293200,1.03407200,-0.12924238,-0.05397905,0.09101750,0.40535250,0.14192500,0.74130371,-0.16442561,0.39213680
1603799515.33509302,0.00195200,-0.01037000,1.03334000,-0.14327923,0.10825185,-0.22398250,0.86035250,0.66692500,0.74130371,-0.16442561,0.39213680
1603799515.39782643,0.00207400,-0.01061400,1.03895200,0.06248539,-0.09365201,0.12601750,0.65035250,0.35192500,0.74071909,-0.16793335,0.38833674
1603799515.46014333,0.00268400,-0.01134600,1.03395000,-0.12932753,0.22316430,0.12601750,0.19535250,-0.03307500,0.73998831,-0.17187957,0.38482900
1603799515.52260566,0.00183000,-0.00915000,1.03480400,-0.02728152,0.02044085,0.02101750,0.58035250,0.03692500,0.73998831,-0.17187957,0.38482900
1603799515.58506489,0.00158600,-0.01098000,1.03346200,0.17369957,-0.18323703,0.16101750,0.61535250,-0.27807500,0.73911137,-0.16588717,0.38687518
1603799515.64808369,0.00244000,-0.01061400,1.03248600,0.16130063,-0.19600418,-0.01398250,0.68535250,0.14192500,0.73911137,-0.16588717,0.38687518
1603799515.71055555,0.00183000,-0.01085800,1.03504800,0.08692582,-0.00669261,0.30101750,0.12535250,0.00192500,0.74320374,-0.16954107,0.38599825
1603799515.77282572,0.00378200,-0.01061400,1.03358400,-0.20573557,-0.11537802,0.05601750,0.44035250,0.24692500,0.74378837,-0.17261035,0.39184449
1603799515.83519578,0.00195200,-0.01122400,1.03419400,-0.03308308,-0.01315866,0.37101750,-0.04964750,0.10692500,0.74378837,-0.17261035,0.39184449
1603799515.89776015,0.00317200,-0.01012600,1.03236400,0.02746779,-0.08062807,0.19601750,0.23035250,0.21192500,0.74291143,-0.17027185,0.39593686
1603799515.96005011,-0.00183000,-0.00841800,1.02919200,0.11863030,0.27130466,-0.15398250,1.28035250,0.59692500,0.74291143,-0.16705642,0.39725227
1603799516.02244306,0.00524600,-0.01342000,1.02504400,-0.16282346,-0.08938091,0.16101750,0.58035250,0.31692500,0.73984215,-0.16705642,0.39725227
1603799516.08472967,-0.00097600,-0.00793000,1.03846400,0.02858513,-0.06008549,-0.04898250,0.30035250,0.03692500,0.74291143,-0.16281789,0.39374452
1603799516.14736795,0.00048800,-0.00963800,1.03700000,0.24348254,0.08124273,-0.01398250,0.47535250,0.24692500,0.74291143,-0.16281789,0.39374452
1603799516.20996642,0.00414800,-0.01049200,1.03053400,0.04463325,-0.05449455,0.02101750,0.51035250,0.03692500,0.74101140,-0.16530254,0.38555978
1603799516.27227378,-0.00097600,-0.00793000,1.03138800,0.22928585,0.13524818,0.23101750,0.33535250,0.31692500,0.74115756,-0.16398714,0.38994446
1603799516.33487439,0.00439200,-0.00963800,1.02882600,-0.12039889,0.05428761,-0.11898250,0.79035250,0.87692500,0.74115756,-0.16398714,0.38994446
1603799516.39768243,0.00183000,-0.00488000,1.03443800,0.12520048,0.05395494,0.16101750,0.30035250,0.14192500,0.73764981,-0.16369483,0.39111371
1603799516.45997930,0.00341600,-0.01293200,1.03163200,0.05103587,-0.09532540,0.16101750,0.05535250,-0.03307500,0.73764981,-0.16369483,0.39111371
1603799516.52235460,0.00085400,-0.00658800,1.03053400,0.22002120,0.04712003,0.05601750,0.40535250,0.07192500,0.73764981,-0.16924876,0.38979830
1603799516.58477163,0.00280600,-0.01171200,1.03309600,-0.06558208,-0.06168139,0.02101750,0.47535250,0.28192500,0.73779597,-0.16442561,0.38804443
1603799516.64725494,0.00219600,-0.00866200,1.03163200,0.10669836,-0.02710559,-0.11898250,0.72035250,0.52692500,0.73779597,-0.16442561,0.38804443
1603799516.70961165,0.00268400,-0.00951600,1.03590200,0.06093902,-0.04022671,0.09101750,0.44035250,0.17692500,0.74232681,-0.16413329,0.39023677
1603799516.77244759,0.00341600,-0.01183400,1.02955800,-0.07128743,-0.06821065,0.02101750,0.47535250,0.17692500,0.74656533,-0.16807951,0.38760596
1603799516.83492541,0.00158600,-0.01110200,1.02809400,-0.03143700,0.21709982,0.05601750,0.51035250,0.21192500,0.74656533,-0.16807951,0.38760596
1603799516.89774919,0.00378200,-0.01134600,1.03309600,-0.04197238,-0.02705937,-0.15398250,0.89535250,0.38692500,0.74276527,-0.17056416,0.38935984
1603799516.96002769,0.00207400,-0.00793000,1.04005000,-0.15200512,0.19552904,0.16101750,-0.01464750,0.14192500,0.74276527,-0.17056416,0.38935984
1603799517.02241421,0.00439200,-0.01305400,1.03224200,0.02521937,-0.10841804,0.09101750,0.16035250,0.14192500,0.74203449,-0.17100263,0.38994446
1603799517.08520889,0.00195200,-0.00976000,1.03407200,-0.09024985,0.33620513,0.12601750,0.30035250,0.07192500,0.73852675,-0.17655656,0.39418299
1603799517.14773846,0.00012200,-0.01195600,1.03492600,0.09883961,-0.20374879,0.05601750,0.40535250,-0.06807500,0.73852675,-0.17655656,0.39418299
1603799517.21030951,0.00305000,-0.01024800,1.03419400,0.05669633,-0.19405731,0.02101750,0.40535250,0.17692500,0.74598071,-0.16822567,0.39038293
1603799517.27258062,0.00244000,-0.01146800,1.03285200,-0.08778631,1.67220643,0.23101750,0.12535250,0.00192500,0.74598071,-0.16822567,0.39038293
1603799517.33499551,0.00475800,-0.01134600,1.03407200,-0.06054607,-0.17121004,0.51101750,-0.32964750,-0.27807500,0.74831920,-0.16910260,0.38789828
1603799517.39767694,0.00146400,-0.00939400,1.03468200,0.06701142,0.01364831,0.12601750,0.30035250,0.10692500,0.74495761,-0.16691026,0.39403683
1603799517.45994568,0.00280600,-0.01098000,1.03297400,-0.02203520,-0.06098042,0.02101750,0.23035250,0.17692500,0.74495761,-0.16691026,0.39403683
1603799517.52227020,0.00207400,-0.00878400,1.03626800,0.10159310,0.04750746,-0.04898250,0.61535250,0.28192500,0.74378837,-0.16340251,0.39345221
1603799517.58445430,0.00207400,-0.01049200,1.03163200,0.13329629,-0.27115044,0.09101750,0.16035250,0.14192500,0.74612686,-0.16749488,0.38804443
1603799517.64689302,0.00207400,-0.01012600,1.03321800,0.25575529,-0.03381551,-0.08398250,0.65035250,0.21192500,0.74612686,-0.16749488,0.38804443
1603799517.70929837,0.00244000,-0.01073600,1.03212000,0.22835808,-0.14228141,0.05601750,0.40535250,-0.03307500,0.74232681,-0.16632564,0.38745981
1603799517.77157354,0.00097600,-0.00890600,1.03541400,-0.09136783,0.14847475,0.23101750,0.37035250,0.17692500,0.74232681,-0.16632564,0.38745981
1603799517.83392453,0.00048800,-0.01171200,1.03529200,0.02395255,-0.04100916,0.19601750,0.44035250,0.14192500,0.74554224,-0.16837182,0.38249050
1603799517.89674807,0.00207400,-0.00939400,1.03504800,0.03152833,-0.02048566,0.19601750,0.26535250,0.03692500,0.74568840,-0.16954107,0.39038293
1603799517.95906377,0.00158600,-0.01110200,1.03395000,0.05469268,0.00708855,0.19601750,0.51035250,0.21192500,0.74568840,-0.16954107,0.39038293
1603799518.02135634,0.00195200,-0.00963800,1.03334000,0.05588084,-0.01289437,0.16101750,0.23035250,0.14192500,0.74656533,-0.17158726,0.38877521
1603799518.08355141,0.00329400,-0.01195600,1.03529200,-0.07439061,-0.08756200,0.05601750,0.75535250,0.31692500,0.74656533,-0.17158726,0.38877521
1603799518.14589906,0.00256200,-0.01256600,1.03700000,-0.10700249,0.16212567,0.16101750,-0.08464750,0.00192500,0.74466530,-0.16194095,0.38687518
1603799518.20819354,0.00280600,-0.01110200,1.02614200,0.21942257,-0.38209572,0.19601750,0.23035250,0.03692500,0.73823443,-0.16720257,0.39257527
1603799518.27040815,0.00170800,-0.00902800,1.03382800,-0.19378862,0.21591631,0.12601750,0.23035250,0.35192500,0.73823443,-0.16720257,0.39257527
1603799518.33274484,0.00219600,-0.01049200,1.03297400,0.08822554,-0.16153116,0.16101750,0.51035250,0.31692500,0.74261912,-0.17056416,0.39418299
1603799518.39523602,0.00378200,-0.01024800,1.03334000,0.14563957,-0.11589022,0.23101750,0.30035250,0.14192500,0.74203449,-0.16150248,0.39301374
1603799518.45754814,0.00256200,-0.01085800,1.03382800,-0.00144918,-0.04737435,0.23101750,0.19535250,0.03692500,0.74203449,-0.16150248,0.39301374
1603799518.51993132,0.00158600,-0.01110200,1.03273000,-0.14623194,0.00724634,0.23101750,0.05535250,-0.17307500,0.74861152,-0.16164864,0.38658287
1603799518.58256698,0.00207400,-0.01024800,1.03395000,0.02145489,-0.01978115,0.19601750,0.37035250,0.17692500,0.74861152,-0.16164864,0.38658287
1603799518.64508796,0.00341600,-0.01037000,1.03346200,0.01330473,-0.09433868,-0.08398250,0.37035250,0.14192500,0.74627302,-0.16413329,0.39535224
1603799518.70757270,0.00109800,-0.00902800,1.03480400,0.08739749,0.00691246,0.05601750,0.37035250,0.21192500,0.74437299,-0.16413329,0.39272143
1603799518.76979661,0.00146400,-0.00927200,1.03346200,0.07323108,-0.25697291,0.33601750,-0.01464750,-0.03307500,0.74437299,-0.16413329,0.39272143
1603799518.83213615,0.00146400,-0.01122400,1.02663000,0.14469675,-0.17080827,0.09101750,0.47535250,0.00192500,0.73721134,-0.16705642,0.38906752
1603799518.89467311,0.00195200,-0.01037000,1.03090000,0.01770523,-0.00697951,0.19601750,0.33535250,0.24692500,0.73721134,-0.16705642,0.38906752
1603799518.95687127,0.00183000,-0.01098000,1.03492600,-0.08757758,0.06773124,0.12601750,0.23035250,0.59692500,0.73867290,-0.16822567,0.39432914
1603799519.01938438,0.00244000,-0.01037000,1.03297400,0.17999909,-0.23786598,0.16101750,0.33535250,0.10692500,0.73574978,-0.16705642,0.39315989
1603799519.08157778,0.00134200,-0.01061400,1.03517000,-0.27350764,0.02017255,0.09101750,0.40535250,0.28192500,0.73574978,-0.16705642,0.39315989
1603799519.14390779,0.00085400,-0.00927200,1.03456000,0.07400918,0.04745201,-0.01398250,0.51035250,0.35192500,0.74013446,-0.16413329,0.40061386
1603799519.20630956,0.00061000,-0.00976000,1.03358400,0.04921730,0.06109710,0.23101750,0.33535250,0.07192500,0.74276527,-0.16588717,0.40032154
1603799519.26850247,0.00219600,-0.00878400,1.03236400,0.09976162,-0.16933178,-0.15398250,0.89535250,0.38692500,0.74276527,-0.16588717,0.40032154
1603799519.33081651,0.00073200,-0.01012600,1.03358400,0.02594654,-0.01347816,0.16101750,0.54535250,0.03692500,0.74364221,-0.16574101,0.39476761
1603799519.39331412,0.00341600,-0.01000400,1.02797200,0.22006764,-0.13646603,0.26601750,0.30035250,0.00192500,0.74364221,-0.16574101,0.39476761
1603799519.45565820,0.00353800,-0.00963800,1.04212400,-0.03652223,-0.00588314,0.12601750,0.23035250,0.17692500,0.73677287,-0.17187957,0.39535224
1603799519.51801705,0.00061000,-0.00841800,1.03443800,-0.01554863,-0.12201037,0.02101750,0.65035250,0.28192500,0.73633441,-0.16515639,0.39125987
1603799519.58018637,0.00329400,-0.01073600,1.03285200,-0.13548827,-0.08764561,0.19601750,0.26535250,0.14192500,0.73633441,-0.16515639,0.39125987
1603799519.64252758,0.00244000,-0.00988200,1.03358400,0.08586146,-0.04078580,0.26601750,0.23035250,0.14192500,0.73867290,-0.16807951,0.39549839
1603799519.70486617,0.00244000,-0.01207800,1.03590200,-0.08161587,-0.04039825,0.09101750,0.40535250,0.17692500,0.73867290,-0.16807951,0.39549839
1603799519.76715231,0.00414800,-0.01110200,1.03248600,-0.04801651,-0.14262544,0.12601750,0.26535250,0.10692500,0.73925753,-0.16442561,0.39666764
1603799519.82946849,0.00109800,-0.01159000,1.03151000,-0.05649198,0.01341036,0.16101750,0.09035250,0.24692500,0.73838059,-0.16691026,0.39593686
1603799519.89190125,0.00219600,-0.01342000,1.03846400,-0.15313199,0.26298874,0.23101750,0.68535250,0.42192500,0.73838059,-0.16691026,0.39593686
1603799519.95410752,0.00195200,-0.01037000,1.03090000,-0.13822858,0.06760376,0.33601750,0.61535250,0.07192500,0.73721134,-0.16749488,0.39315989
1603799520.01646137,0.00353800,-0.01146800,1.03212000,0.04024617,-0.02683149,0.09101750,0.51035250,0.38692500,0.73852675,-0.16281789,0.39023677
1603799520.07895064,0.00244000,-0.01293200,1.03614600,0.06571945,0.10826999,0.16101750,0.26535250,0.17692500,0.73852675,-0.16281789,0.39023677
1603799520.14134812,0.00061000,-0.01037000,1.03248600,-0.19043929,0.08119918,0.09101750,0.09035250,0.10692500,0.74130371,-0.16924876,0.39929845
1603799520.20384789,0.00170800,-0.00927200,1.03480400,0.17418404,-0.00007811,0.16101750,0.19535250,0.07192500,0.74130371,-0.16924876,0.39929845
1603799520.26604605,0.00353800,-0.01085800,1.03370600,-0.00997229,-0.09987453,0.16101750,0.47535250,0.21192500,0.74334990,-0.16866413,0.39491377
1603799520.32841182,0.00268400,-0.01134600,1.03273000,-0.04390942,-0.05458056,0.12601750,0.16035250,0.17692500,0.73969600,-0.16866413,0.39491377
1603799520.39101100,0.00317200,-0.01061400,1.03273000,-0.00158729,-0.08124862,0.09101750,0.19535250,0.00192500,0.73969600,-0.16866413,0.39491377
1603799520.45328975,0.00183000,-0.00988200,1.03529200,0.04037622,-0.07406299,0.33601750,-0.15464750,-0.17307500,0.73838059,-0.16851798,0.39389068
1603799520.51563478,0.00231800,-0.01012600,1.03553600,0.06750383,-0.08752370,0.09101750,0.47535250,0.42192500,0.73838059,-0.16851798,0.39389068
1603799520.57787085,0.00341600,-0.00939400,1.03980600,0.06291990,-0.18760661,0.09101750,0.51035250,0.17692500,0.73633441,-0.17085647,0.39096755
1603799520.64023137,0.00305000,-0.00927200,1.03334000,0.02779444,0.08798349,0.26601750,0.09035250,0.07192500,0.73648056,-0.17377960,0.39739842
1603799520.70258832,0.00244000,-0.00976000,1.03285200,-0.12123043,-0.04022208,0.12601750,0.19535250,0.14192500,0.73648056,-0.17377960,0.39739842
1603799520.76494074,0.00329400,-0.01073600,1.03236400,-0.27896297,-0.08657059,0.09101750,0.37035250,0.21192500,0.74071909,-0.16807951,0.40339082
1603799520.82734990,0.00268400,-0.01122400,1.03358400,-0.03527986,-0.05413997,0.09101750,0.30035250,0.00192500,0.73954984,-0.16691026,0.38935984
1603799520.88999820,0.00280600,-0.01037000,1.03321800,0.01343895,-0.06054110,0.19601750,-0.01464750,0.07192500,0.73954984,-0.16691026,0.38935984
1603799520.95228720,0.00195200,-0.01171200,1.03443800,-0.06142601,-0.01338709,0.30101750,-0.08464750,-0.20807500,0.73808828,-0.16837182,0.39345221
1603799521.01471019,0.00219600,-0.01098000,1.03382800,0.18086191,-0.12878999,0.33601750,-0.01464750,-0.10307500,0.73808828,-0.16837182,0.39345221
1603799521.08079243,0.00231800,-0.00878400,1.03456000,0.18148477,-0.10139625,0.02101750,0.58035250,0.24692500,0.73969600,-0.16603332,0.39622917
1603799521.14310312,0.00195200,-0.01110200,1.03382800,0.05857205,0.02694517,0.30101750,0.02035250,-0.10307500,0.74583455,-0.16603332,0.39447530
1603799521.20552611,0.00329400,-0.00976000,1.03151000,-0.01484929,-0.08590384,-0.01398250,0.61535250,0.35192500,0.74583455,-0.16603332,0.39447530
1603799521.26798654,0.00219600,-0.01049200,1.03260800,-0.24413794,-0.02693896,0.16101750,0.40535250,0.17692500,0.74013446,-0.16442561,0.40426776
1603799521.33048415,0.00219600,-0.01024800,1.03346200,0.01978731,-0.02687407,0.02101750,0.61535250,0.24692500,0.74013446,-0.16442561,0.40426776
1603799521.39281464,0.00329400,-0.00988200,1.03346200,0.04037662,-0.08756585,-0.25898250,1.03535250,0.49192500,0.74086524,-0.16895645,0.39695995
1603799521.45512581,0.00231800,-0.01061400,1.03480400,-0.00040677,-0.09440509,0.09101750,0.26535250,0.17692500,0.74101140,-0.16632564,0.39257527
1603799521.51764035,0.00317200,-0.01000400,1.03334000,0.03257739,0.02031727,-0.08398250,0.72035250,0.28192500,0.74101140,-0.16632564,0.39257527
1603799521.58019114,0.00244000,-0.01000400,1.03712200,0.03460391,-0.13442043,-0.08398250,0.96535250,0.35192500,0.74028062,-0.16939491,0.39359836
1603799521.64265156,0.00280600,-0.00963800,1.03541400,0.25646259,-0.22256486,0.23101750,-0.15464750,-0.17307500,0.74437299,-0.16559486,0.40149079
1603799521.70502019,0.00158600,-0.01146800,1.03077800,0.11257404,-0.19008150,0.02101750,0.51035250,0.17692500,0.74437299,-0.16559486,0.40149079
1603799521.76755786,0.00170800,-0.01085800,1.03419400,0.18287567,-0.28943439,0.09101750,0.37035250,-0.27807500,0.74174218,-0.16924876,0.39593686
1603799521.82996106,0.00268400,-0.01110200,1.03248600,0.07824814,-0.18352962,0.23101750,0.19535250,0.28192500,0.74174218,-0.16924876,0.39593686
1603799521.89225960,0.00353800,-0.01024800,1.03395000,-0.20865317,-0.10087432,-0.01398250,0.58035250,0.21192500,0.74218065,-0.16691026,0.39096755
1603799521.95449281,0.00183000,-0.01195600,1.03309600,-0.15575241,-0.00659230,0.12601750,0.05535250,0.07192500,0.73984215,-0.16515639,0.39199065
1603799522.01687884,0.00268400,-0.01000400,1.03358400,0.02822301,-0.05525762,-0.04898250,0.68535250,0.35192500,0.73984215,-0.16515639,0.39199065
1603799522.07916236,0.00244000,-0.01195600,1.03212000,-0.07642535,-0.04071783,0.02101750,0.30035250,0.14192500,0.74276527,-0.16354867,0.39900614
1603799522.14144754,0.00097600,-0.00854000,1.03370600,0.11391545,-0.10137133,0.05601750,0.75535250,0.35192500,0.74276527,-0.16354867,0.39900614
1603799522.20377159,0.00390400,-0.01037000,1.03077800,-0.17221260,0.25746195,0.16101750,0.79035250,0.28192500,0.74013446,-0.16106402,0.40266004
1603799522.26598024,0.00256200,-0.00963800,1.03456000,-0.23873853,0.33168112,0.02101750,0.30035250,0.63192500,0.73721134,-0.16603332,0.39301374
1603799522.32828212,0.00207400,-0.01061400,1.03529200,0.01992521,-0.15516729,0.12601750,0.37035250,-0.13807500,0.73721134,-0.16603332,0.39301374
1603799522.39055657,0.00231800,-0.00902800,1.03382800,0.22214541,-0.03373920,0.23101750,0.26535250,0.10692500,0.73823443,-0.16778720,0.39608302
1603799522.45276475,0.00207400,-0.01268800,1.03456000,0.07285811,-0.02033672,0.37101750,0.12535250,-0.03307500,0.74305759,-0.17202572,0.39359836
1603799522.51520061,0.00158600,-0.00988200,1.03468200,0.03960011,0.00683023,-0.11898250,0.93035250,0.42192500,0.74305759,-0.17202572,0.39359836
1603799522.57761192,0.00170800,-0.01073600,1.03578000,-0.00660336,0.00024833,-0.08398250,0.61535250,0.38692500,0.73808828,-0.16632564,0.39418299
1603799522.63992310,0.00244000,-0.00988200,1.03199800,0.03862977,-0.03396372,-0.08398250,0.75535250,0.49192500,0.73808828,-0.16632564,0.39418299
1603799522.70248365,0.00000000,-0.00744200,1.03187600,0.17404182,-0.18300700,0.05601750,0.79035250,0.24692500,0.73911137,-0.17231804,0.39520608
1603799522.76479793,0.00268400,-0.01012600,1.03224200,-0.05603594,0.04732459,0.02101750,0.58035250,0.42192500,0.73881906,-0.16939491,0.39959076
1603799522.82771945,0.00195200,-0.01037000,1.02516600,0.08270296,-0.16436700,0.02101750,0.23035250,0.10692500,0.73881906,-0.16939491,0.39959076
1603799522.89004970,0.00292800,-0.00890600,1.03248600,-0.06942168,-0.00682163,0.02101750,0.33535250,0.31692500,0.74539608,-0.17217188,0.39462146
1603799522.95243025,0.00268400,-0.01134600,1.03175400,0.04044085,-0.08079374,0.16101750,0.19535250,0.10692500,0.74539608,-0.17217188,0.39462146
1603799523.01522064,0.00317200,-0.01098000,1.03382800,-0.04204800,0.12855656,0.12601750,0.05535250,-0.03307500,0.73823443,-0.17173341,0.39374452
1603799523.07784867,0.00219600,-0.00902800,1.03468200,-0.07245017,0.02740866,0.12601750,0.19535250,0.07192500,0.73706519,-0.16574101,0.39374452
1603799523.14026189,0.00268400,-0.01061400,1.03529200,-0.25067774,1.67612482,0.26601750,0.05535250,-0.06807500,0.73706519,-0.16574101,0.39374452
1603799523.20264149,0.00244000,-0.01012600,1.03492600,0.19477713,-0.04061176,0.12601750,0.30035250,0.17692500,0.74159602,-0.17027185,0.39213680
1603799523.26492929,0.00158600,-0.01098000,1.03236400,-0.02254107,0.00664410,0.23101750,0.33535250,0.07192500,0.73984215,-0.17085647,0.39622917
1603799523.32755852,0.00061000,-0.01110200,1.03504800,-0.02786191,0.06092697,0.12601750,0.40535250,0.21192500,0.73984215,-0.17085647,0.39622917
1603799523.38986707,0.00158600,-0.01195600,1.03456000,-0.07485918,-0.07417883,0.26601750,0.16035250,0.17692500,0.74203449,-0.17187957,0.39199065
1603799523.45219994,0.00463600,-0.01354200,1.04066000,-0.15828821,0.16860425,0.12601750,0.30035250,0.10692500,0.74203449,-0.17187957,0.39199065
1603799523.51455092,0.00292800,-0.00939400,1.03870800,0.02871442,0.06107747,0.16101750,0.40535250,0.21192500,0.73458053,-0.16617948,0.39213680
1603799523.57708025,0.00195200,-0.01061400,1.03480400,-0.04768912,0.03393274,0.16101750,0.65035250,0.31692500,0.74510377,-0.16910260,0.39695995
1603799523.63934040,0.00219600,-0.00951600,1.03456000,0.01911827,-0.06083452,0.33601750,0.40535250,0.35192500,0.74510377,-0.16910260,0.39695995
1603799523.70167565,0.00122000,-0.01012600,1.03358400,0.00771816,-0.19503991,0.05601750,0.61535250,0.31692500,0.74247296,-0.16968723,0.39199065
1603799523.76398230,0.00292800,-0.01110200,1.03260800,-0.10455877,-0.06647133,0.12601750,0.33535250,0.24692500,0.74247296,-0.16968723,0.39199065
1603799523.82639885,0.00256200,-0.00902800,1.03346200,0.01140323,-0.04754269,0.23101750,-0.04964750,-0.06807500,0.74086524,-0.16939491,0.38921368
1603799523.88895321,0.00292800,-0.01085800,1.03541400,-0.01519445,-0.06773114,0.16101750,0.37035250,0.28192500,0.74144987,-0.16924876,0.39096755
1603799523.95120025,0.00268400,-0.00988200,1.03358400,0.03947203,-0.05405409,0.37101750,-0.04964750,-0.17307500,0.74144987,-0.16924876,0.39096755
1603799524.01352096,0.00305000,-0.01049200,1.03846400,0.00839187,0.03414637,0.02101750,0.68535250,0.38692500,0.74218065,-0.17392575,0.38541362
1603799524.07576513,0.00195200,-0.01073600,1.03614600,0.06107253,-0.27629828,0.23101750,-0.50464750,-0.10307500,0.74714996,-0.17012569,0.39301374
1603799524.13803315,0.00305000,-0.01073600,1.03321800,-0.04597096,-0.03326575,0.30101750,0.09035250,0.03692500,0.74714996,-0.17012569,0.39301374
1603799524.20039868,0.00146400,-0.01207800,1.03431600,-0.07493977,0.15553613,0.05601750,0.58035250,0.10692500,0.74159602,-0.16603332,0.39052909
1603799524.26266599,0.00341600,-0.01000400,1.03260800,0.11508544,-0.09414142,0.26601750,0.16035250,0.17692500,0.74159602,-0.16603332,0.39052909
1603799524.32515073,0.00256200,-0.01146800,1.03224200,0.08064400,-0.04712500,0.44101750,-0.18964750,-0.10307500,0.74305759,-0.16997954,0.38848290
1603799524.38763690,0.00195200,-0.00878400,1.03102200,-0.06096735,-0.01331065,0.16101750,0.37035250,0.24692500,0.74232681,-0.16588717,0.38979830
1603799524.45006895,0.00305000,-0.01171200,1.03407200,-0.06203689,-0.07435871,0.37101750,-0.04964750,-0.06807500,0.74232681,-0.16588717,0.38979830
1603799524.51248622,0.00305000,-0.01122400,1.03285200,-0.02938071,-0.07283669,0.40601750,-0.08464750,-0.20807500,0.74378837,-0.17056416,0.39783689
1603799524.57504916,0.00134200,-0.00976000,1.03273000,0.04578614,-0.01356800,-0.04898250,0.86035250,0.42192500,0.74378837,-0.17056416,0.39783689
1603799524.63744116,0.00305000,-0.01134600,1.03346200,-0.04174986,-0.01348961,0.12601750,0.26535250,0.07192500,0.73954984,-0.17100263,0.39842151
1603799524.69989300,0.00378200,-0.01098000,1.02614200,0.13087328,-0.36846775,0.05601750,-0.04964750,-0.10307500,0.73954984,-0.16895645,0.39418299
1603799524.76240063,0.00134200,-0.00976000,1.04663800,-0.29425210,0.20156881,0.12601750,0.54535250,0.24692500,0.73954984,-0.16895645,0.39418299
1603799524.82485318,0.00353800,-0.01085800,1.03248600,-0.03278475,-0.18833253,0.16101750,0.37035250,-0.20807500,0.74539608,-0.16647179,0.39652148
